,,,,,1980,1981,1982,1983,1984,1985,1986,1987,1988,1989,1990,1991,1992,1993,1994,1995,1996,1997,1998,1999,2000,2001,2002,2003,2004,2005,2006,2007,2008
1,EAP,East Asia & Pacific,EN.AGR.EMPL,Economically active population in agriculture  (number),,,,,,,,,,,,,,,,,,,,,,,,,,,,,
2,ECA,Europe & Central Asia,EN.AGR.EMPL,Economically active population in agriculture  (number),,,,,,,,,,,,,,,,,,,,,,,,,,,,,
3,EMU,Euro area,EN.AGR.EMPL,Economically active population in agriculture  (number),,,,,,,,,,,,,,,,,,,,,,,,,,,,,
4,HIC,High income,EN.AGR.EMPL,Economically active population in agriculture  (number),,,,,,,,,,,,,,,,,,,,,,,,,,,,,
5,HPC,Heavily indebted poor countries (HIPC),EN.AGR.EMPL,Economically active population in agriculture  (number),,,,,,,,,,,,,,,,,,,,,,,,,,,,,
6,LAC,Latin America & Caribbean,EN.AGR.EMPL,Economically active population in agriculture  (number),,,,,,,,,,,,,,,,,,,,,,,,,,,,,
7,LDC,Least developed countries: UN classification,EN.AGR.EMPL,Economically active population in agriculture  (number),,,,,,,,,,,,,,,,,,,,,,,,,,,,,
8,LIC,Low income,EN.AGR.EMPL,Economically active population in agriculture  (number),,,,,,,,,,,,,,,,,,,,,,,,,,,,,
9,LMC,Lower middle income,EN.AGR.EMPL,Economically active population in agriculture  (number),,,,,,,,,,,,,,,,,,,,,,,,,,,,,
10,LMY,Low & middle income,EN.AGR.EMPL,Economically active population in agriculture  (number),,,,,,,,,,,,,,,,,,,,,,,,,,,,,
11,MIC,Middle income,EN.AGR.EMPL,Economically active population in agriculture  (number),,,,,,,,,,,,,,,,,,,,,,,,,,,,,
12,MNA,Middle East & North Africa,EN.AGR.EMPL,Economically active population in agriculture  (number),,,,,,,,,,,,,,,,,,,,,,,,,,,,,
13,NOC,High income: nonOECD,EN.AGR.EMPL,Economically active population in agriculture  (number),,,,,,,,,,,,,,,,,,,,,,,,,,,,,
14,OEC,High income: OECD,EN.AGR.EMPL,Economically active population in agriculture  (number),,,,,,,,,,,,,,,,,,,,,,,,,,,,,
15,SAS,South Asia,EN.AGR.EMPL,Economically active population in agriculture  (number),,,,,,,,,,,,,,,,,,,,,,,,,,,,,
16,SSA,Sub-Saharan Africa,EN.AGR.EMPL,Economically active population in agriculture  (number),,,,,,,,,,,,,,,,,,,,,,,,,,,,,
17,UMC,Upper middle income,EN.AGR.EMPL,Economically active population in agriculture  (number),,,,,,,,,,,,,,,,,,,,,,,,,,,,,
18,WLD,World,EN.AGR.EMPL,Economically active population in agriculture  (number),,,,,,,,,,,,,,,,,,,,,,,,,,,,,
19,AFG,Afghanistan,EN.AGR.EMPL,Economically active population in agriculture  (number),"3,203,000","3,133,000","3,037,000","2,927,000","2,822,000","2,733,000","2,662,000","2,609,000","2,588,000","2,617,000","2,707,000","2,858,000","3,069,000","3,306,000","3,525,000","3,697,000","3,809,000","3,874,000","3,913,000","3,958,000","4,030,000","4,135,000","4,265,000","4,415,000","4,574,000","4,737,000","4,902,000","5,082,000","5,253,000"
20,ALB,Albania,EN.AGR.EMPL,Economically active population in agriculture  (number),"746,000","759,000","771,000","781,000","793,000","813,000","831,000","862,000","892,000","898,000","921,000","736,000","719,000","704,000","688,000","673,000","659,000","642,000","632,000","625,000","619,000","617,000","619,000","621,000","623,000","623,000","620,000","620,000","615,000"
21,DZA,Algeria,EN.AGR.EMPL,Economically active population in agriculture  (number),"1,633,000","1,655,000","1,670,000","1,683,000","1,693,000","1,706,000","1,748,000","1,791,000","1,832,000","1,868,000","1,906,000","1,994,000","2,075,000","2,165,000","2,253,000","2,335,000","2,419,000","2,497,000","2,570,000","2,643,000","2,716,000","2,791,000","2,852,000","2,903,000","2,953,000","2,996,000","3,039,000","3,092,000","3,125,000"
22,ASM,American Samoa,EN.AGR.EMPL,Economically active population in agriculture  (number),"5,000","5,000","6,000","6,000","6,000","6,000","6,000","7,000","7,000","7,000","7,000","7,000","7,000","8,000","8,000","8,000","8,000","8,000","8,000","8,000","8,000","8,000","8,000","8,000","8,000","8,000","8,000","8,000","8,000"
23,ADO,Andorra,EN.AGR.EMPL,Economically active population in agriculture  (number),"3,000","3,000","3,000","3,000","3,000","3,000","3,000","3,000","3,000","3,000","3,000","3,000","3,000","3,000","3,000","3,000","3,000","3,000","3,000","3,000","3,000","3,000","3,000","3,000","3,000","3,000","3,000","2,000","2,000"
24,AGO,Angola,EN.AGR.EMPL,Economically active population in agriculture  (number),"2,605,000","2,688,000","2,778,000","2,872,000","2,963,000","3,048,000","3,124,000","3,195,000","3,269,000","3,342,000","3,428,000","3,521,000","3,633,000","3,732,000","3,854,000","3,942,000","4,043,000","4,137,000","4,236,000","4,341,000","4,447,000","4,567,000","4,702,000","4,836,000","4,978,000","5,118,000","5,258,000","5,410,000","5,555,000"
25,ATG,Antigua and Barbuda,EN.AGR.EMPL,Economically active population in agriculture  (number),"9,000","8,000","8,000","8,000","8,000","8,000","8,000","7,000","7,000","7,000","7,000","7,000","7,000","7,000","7,000","7,000","7,000","7,000","7,000","7,000","7,000","7,000","8,000","8,000","8,000","8,000","8,000","8,000","8,000"
26,ARG,Argentina,EN.AGR.EMPL,Economically active population in agriculture  (number),"1,311,000","1,336,000","1,361,000","1,386,000","1,392,000","1,399,000","1,411,000","1,422,000","1,431,000","1,439,000","1,454,000","1,443,000","1,447,000","1,451,000","1,456,000","1,461,000","1,461,000","1,462,000","1,462,000","1,462,000","1,461,000","1,459,000","1,457,000","1,453,000","1,450,000","1,447,000","1,444,000","1,436,000","1,430,000"
27,ARM,Armenia,EN.AGR.EMPL,Economically active population in agriculture  (number),,,,,,,,,,,,,"248,000","229,000","215,000","205,000","196,000","188,000","183,000","178,000","174,000","170,000","167,000","165,000","162,000","159,000","156,000","155,000","153,000"
28,ABW,Aruba,EN.AGR.EMPL,Economically active population in agriculture  (number),"7,000","7,000","7,000","7,000","7,000","7,000","7,000","7,000","7,000","7,000","7,000","7,000","7,000","8,000","8,000","8,000","8,000","8,000","8,000","9,000","9,000","9,000","9,000","9,000","9,000","9,000","9,000","9,000","9,000"
29,AUS,Australia,EN.AGR.EMPL,Economically active population in agriculture  (number),"438,000","440,000","439,000","438,000","440,000","443,000","452,000","455,000","460,000","466,000","470,000","464,000","459,000","454,000","453,000","454,000","451,000","446,000","443,000","441,000","442,000","441,000","441,000","442,000","441,000","446,000","447,000","443,000","443,000"
30,AUT,Austria,EN.AGR.EMPL,Economically active population in agriculture  (number),"319,000","315,000","310,000","303,000","303,000","296,000","292,000","289,000","282,000","277,000","274,000","266,000","261,000","254,000","252,000","244,000","232,000","224,000","214,000","207,000","199,000","192,000","188,000","183,000","175,000","171,000","167,000","160,000","155,000"
31,AZE,Azerbaijan,EN.AGR.EMPL,Economically active population in agriculture  (number),,,,,,,,,,,,,"958,000","957,000","947,000","938,000","941,000","945,000","954,000","961,000","974,000","982,000","992,000","1,000,000","1,008,000","1,010,000","1,005,000","1,035,000","1,044,000"
32,BHS,Bahamas The,EN.AGR.EMPL,Economically active population in agriculture  (number),"5,000","5,000","5,000","5,000","6,000","6,000","6,000","6,000","6,000","6,000","6,000","6,000","6,000","6,000","6,000","6,000","6,000","6,000","6,000","6,000","6,000","5,000","5,000","5,000","5,000","5,000","5,000","5,000","5,000"
33,BHR,Bahrain,EN.AGR.EMPL,Economically active population in agriculture  (number),"5,000","6,000","6,000","6,000","6,000","5,000","5,000","5,000","5,000","5,000","4,000","4,000","4,000","4,000","4,000","4,000","4,000","4,000","4,000","3,000","3,000","3,000","3,000","3,000","3,000","3,000","3,000","3,000","3,000"
34,BGD,Bangladesh,EN.AGR.EMPL,Economically active population in agriculture  (number),"27,589,000","28,276,000","28,947,000","29,601,000","30,241,000","30,870,000","31,491,000","32,102,000","32,694,000","33,257,000","33,784,000","34,156,000","34,107,000","34,022,000","33,920,000","33,815,000","33,709,000","33,935,000","34,148,000","34,330,000","34,464,000","34,791,000","35,059,000","35,272,000","35,439,000","35,566,000","35,652,000","35,536,000","35,562,000"
35,BRB,Barbados,EN.AGR.EMPL,Economically active population in agriculture  (number),"11,000","11,000","11,000","11,000","10,000","10,000","10,000","10,000","10,000","10,000","9,000","9,000","8,000","8,000","8,000","8,000","7,000","7,000","7,000","6,000","6,000","6,000","6,000","5,000","5,000","5,000","5,000","5,000","5,000"
36,BLR,Belarus,EN.AGR.EMPL,Economically active population in agriculture  (number),,,,,,,,,,,,,"947,000","900,000","856,000","813,000","772,000","733,000","695,000","659,000","635,000","613,000","591,000","570,000","549,000","528,000","507,000","488,000","470,000"
37,BEL,Belgium,EN.AGR.EMPL,Economically active population in agriculture  (number),,,,,,,,,,,,,,,,,,,,,"79,000","75,000","73,000","71,000","70,000","68,000","66,000","64,000","63,000"
38,BLZ,Belize,EN.AGR.EMPL,Economically active population in agriculture  (number),"16,000","16,000","16,000","17,000","17,000","17,000","18,000","18,000","18,000","18,000","19,000","19,000","20,000","21,000","21,000","22,000","23,000","23,000","24,000","25,000","25,000","26,000","27,000","27,000","28,000","28,000","29,000","30,000","30,000"
39,BEN,Benin,EN.AGR.EMPL,Economically active population in agriculture  (number),"782,000","799,000","816,000","833,000","851,000","870,000","889,000","937,000","988,000","1,045,000","1,106,000","1,165,000","1,228,000","1,258,000","1,288,000","1,315,000","1,338,000","1,359,000","1,378,000","1,398,000","1,421,000","1,446,000","1,474,000","1,502,000","1,530,000","1,556,000","1,582,000","1,607,000","1,631,000"
40,BMU,Bermuda,EN.AGR.EMPL,Economically active population in agriculture  (number),"1,000","1,000","1,000","1,000","1,000","1,000","1,000","1,000","1,000","1,000","1,000","1,000","1,000","1,000","1,000","1,000","1,000","1,000","1,000","1,000","1,000","1,000","1,000","1,000","1,000","1,000","1,000","1,000","1,000"
41,BTN,Bhutan,EN.AGR.EMPL,Economically active population in agriculture  (number),"137,000","139,000","140,000","142,000","144,000","146,000","150,000","155,000","160,000","163,000","163,000","159,000","154,000","147,000","142,000","139,000","139,000","142,000","148,000","156,000","166,000","180,000","196,000","213,000","231,000","247,000","260,000","274,000","284,000"
42,BOL,Bolivia,EN.AGR.EMPL,Economically active population in agriculture  (number),"1,008,000","1,020,000","1,036,000","1,049,000","1,062,000","1,075,000","1,104,000","1,134,000","1,154,000","1,173,000","1,193,000","1,214,000","1,233,000","1,252,000","1,270,000","1,286,000","1,329,000","1,479,000","1,507,000","1,534,000","1,562,000","1,600,000","1,639,000","1,680,000","1,723,000","1,769,000","1,817,000","1,862,000","1,906,000"
43,BIH,Bosnia and Herzegovina,EN.AGR.EMPL,Economically active population in agriculture  (number),,,,,,,,,,,,,"190,000","165,000","145,000","132,000","124,000","117,000","112,000","106,000","100,000","94,000","87,000","80,000","73,000","67,000","61,000","57,000","52,000"
44,BWA,Botswana,EN.AGR.EMPL,Economically active population in agriculture  (number),"204,000","205,000","208,000","210,000","212,000","214,000","211,000","209,000","206,000","203,000","201,000","206,000","212,000","218,000","224,000","227,000","230,000","250,000","269,000","273,000","275,000","267,000","271,000","275,000","279,000","283,000","288,000","295,000","301,000"
45,BRA,Brazil,EN.AGR.EMPL,Economically active population in agriculture  (number),"16,330,000","16,314,000","16,208,000","16,079,000","15,871,000","15,622,000","15,360,000","15,160,000","14,800,000","14,461,000","14,056,000","14,088,000","14,113,000","14,029,000","13,944,000","13,856,000","13,624,000","13,625,000","13,545,000","13,466,000","13,306,000","13,122,000","13,016,000","12,788,000","12,658,000","12,431,000","12,187,000","11,925,000","11,650,000"
46,BRN,Brunei Darussalam,EN.AGR.EMPL,Economically active population in agriculture  (number),"4,000","4,000","3,000","3,000","3,000","3,000","3,000","3,000","3,000","2,000","2,000","2,000","2,000","2,000","2,000","2,000","2,000","1,000","1,000","1,000","1,000","1,000","1,000","1,000","1,000","1,000","1,000","1,000","1,000"
47,BGR,Bulgaria,EN.AGR.EMPL,Economically active population in agriculture  (number),"956,000","924,000","894,000","863,000","831,000","797,000","750,000","702,000","654,000","612,000","572,000","511,000","475,000","435,000","397,000","363,000","331,000","303,000","276,000","251,000","228,000","228,000","212,000","195,000","185,000","173,000","168,000","151,000","142,000"
48,BFA,Burkina Faso,EN.AGR.EMPL,Economically active population in agriculture  (number),"2,755,000","2,807,000","2,862,000","2,922,000","2,989,000","3,064,000","3,147,000","3,239,000","3,335,000","3,436,000","3,538,000","3,638,000","3,745,000","3,854,000","3,966,000","4,081,000","4,199,000","4,319,000","4,445,000","4,582,000","4,733,000","4,898,000","5,077,000","5,269,000","5,469,000","5,677,000","5,892,000","6,120,000","6,351,000"
49,BDI,Burundi,EN.AGR.EMPL,Economically active population in agriculture  (number),"1,842,000","1,902,000","1,972,000","2,045,000","2,120,000","2,191,000","2,263,000","2,356,000","2,441,000","2,517,000","2,582,000","2,624,000","2,658,000","2,687,000","2,707,000","2,722,000","2,729,000","2,730,000","2,733,000","2,753,000","2,796,000","2,863,000","2,950,000","3,055,000","3,167,000","3,281,000","3,396,000","3,515,000","3,622,000"
50,KHM,Cambodia,EN.AGR.EMPL,Economically active population in agriculture  (number),"2,424,000","2,455,000","2,514,000","2,591,000","2,677,000","2,767,000","2,854,000","2,941,000","3,028,000","3,109,000","3,190,000","3,258,000","3,324,000","3,390,000","3,460,000","3,543,000","3,638,000","3,751,000","3,874,000","4,002,000","4,130,000","4,339,000","4,440,000","4,535,000","4,629,000","4,727,000","4,814,000","4,959,000","5,074,000"
51,CMR,Cameroon,EN.AGR.EMPL,Economically active population in agriculture  (number),"2,535,000","2,584,000","2,614,000","2,660,000","2,703,000","2,746,000","2,814,000","2,882,000","2,952,000","3,026,000","3,099,000","3,148,000","3,193,000","3,237,000","3,280,000","3,323,000","3,365,000","3,410,000","3,452,000","3,490,000","3,524,000","3,555,000","3,573,000","3,588,000","3,601,000","3,614,000","3,626,000","3,605,000","3,617,000"
52,CAN,Canada,EN.AGR.EMPL,Economically active population in agriculture  (number),"806,000","788,000","750,000","722,000","693,000","665,000","636,000","605,000","572,000","536,000","495,000","478,000","460,000","446,000","434,000","421,000","411,000","402,000","395,000","389,000","382,000","375,000","373,000","370,000","363,000","354,000","348,000","346,000","341,000"
53,CPV,Cape Verde,EN.AGR.EMPL,Economically active population in agriculture  (number),"33,000","33,000","33,000","34,000","34,000","34,000","34,000","34,000","35,000","35,000","35,000","35,000","35,000","35,000","35,000","35,000","35,000","35,000","35,000","35,000","35,000","35,000","34,000","34,000","34,000","34,000","34,000","34,000","33,000"
54,CYM,Cayman Islands,EN.AGR.EMPL,Economically active population in agriculture  (number),"2,000","2,000","2,000","2,000","2,000","2,000","2,000","3,000","3,000","3,000","3,000","3,000","3,000","3,000","3,000","3,000","3,000","3,000","4,000","4,000","4,000","4,000","4,000","4,000","5,000","5,000","5,000","5,000","5,000"
55,CAF,Central African Republic,EN.AGR.EMPL,Economically active population in agriculture  (number),"860,000","879,000","902,000","924,000","946,000","965,000","981,000","994,000","1,006,000","1,020,000","1,036,000","1,052,000","1,070,000","1,090,000","1,110,000","1,130,000","1,146,000","1,163,000","1,179,000","1,192,000","1,203,000","1,211,000","1,217,000","1,221,000","1,226,000","1,233,000","1,240,000","1,252,000","1,263,000"
56,TCD,Chad,EN.AGR.EMPL,Economically active population in agriculture  (number),"1,324,000","1,365,000","1,408,000","1,455,000","1,508,000","1,563,000","1,627,000","1,696,000","1,767,000","1,842,000","1,918,000","1,988,000","2,057,000","2,130,000","2,183,000","2,224,000","2,270,000","2,321,000","2,374,000","2,420,000","2,471,000","2,537,000","2,605,000","2,701,000","2,786,000","2,845,000","2,886,000","2,919,000","2,960,000"
57,CHI,Channel Islands,EN.AGR.EMPL,Economically active population in agriculture  (number),,,,,,,,,,,,,,,,,,,,,,,,,,,,,
58,CHL,Chile,EN.AGR.EMPL,Economically active population in agriculture  (number),"765,000","775,000","777,000","788,000","810,000","856,000","862,000","885,000","908,000","927,000","935,000","940,000","954,000","973,000","977,000","969,000","966,000","970,000","976,000","979,000","961,000","966,000","961,000","962,000","980,000","977,000","982,000","972,000","970,000"
59,CHN,China,EN.AGR.EMPL,Economically active population in agriculture  (number),"372,734,000","382,247,000","391,908,000","402,694,000","413,494,000","424,161,000","434,706,000","445,091,000","455,078,000","464,385,000","472,838,000","477,851,000","481,440,000","484,284,000","486,724,000","488,782,000","490,628,000","492,070,000","493,237,000","494,351,000","495,425,000","496,473,000","497,441,000","498,165,000","498,584,000","498,770,000","498,514,000","499,018,000","498,732,000"
60,COL,Colombia,EN.AGR.EMPL,Economically active population in agriculture  (number),"3,407,000","3,439,000","3,467,000","3,491,000","3,502,000","3,503,000","3,492,000","3,551,000","3,481,000","3,406,000","3,343,000","3,434,000","3,465,000","3,505,000","3,447,000","3,456,000","3,460,000","3,467,000","3,473,000","3,584,000","3,586,000","3,588,000","3,588,000","3,583,000","3,577,000","3,570,000","3,560,000","3,569,000","3,560,000"
61,COM,Comoros,EN.AGR.EMPL,Economically active population in agriculture  (number),"122,000","126,000","130,000","134,000","138,000","142,000","146,000","150,000","154,000","159,000","163,000","168,000","173,000","178,000","183,000","189,000","194,000","199,000","204,000","208,000","213,000","218,000","224,000","229,000","234,000","239,000","245,000","251,000","257,000"
62,ZAR,Congo Dem. Rep.,EN.AGR.EMPL,Economically active population in agriculture  (number),"7,546,000","7,713,000","7,877,000","8,050,000","8,241,000","8,438,000","8,647,000","8,866,000","9,096,000","9,346,000","9,618,000","9,906,000","10,184,000","10,498,000","10,818,000","11,104,000","11,299,000","11,467,000","11,629,000","11,799,000","11,976,000","12,204,000","12,465,000","12,758,000","13,075,000","13,378,000","13,656,000","13,852,000","14,098,000"
63,COG,Congo Rep.,EN.AGR.EMPL,Economically active population in agriculture  (number),"401,000","407,000","416,000","422,000","428,000","433,000","435,000","440,000","448,000","453,000","458,000","464,000","469,000","474,000","477,000","488,000","490,000","485,000","484,000","484,000","486,000","487,000","489,000","490,000","492,000","493,000","493,000","491,000","489,000"
64,CRI,Costa Rica,EN.AGR.EMPL,Economically active population in agriculture  (number),"275,000","280,000","287,000","291,000","292,000","298,000","299,000","305,000","305,000","305,000","308,000","307,000","308,000","312,000","313,000","317,000","316,000","321,000","326,000","326,000","327,000","329,000","330,000","331,000","328,000","329,000","329,000","327,000","325,000"
65,CIV,Cote d'Ivoire,EN.AGR.EMPL,Economically active population in agriculture  (number),"1,999,000","2,074,000","2,147,000","2,218,000","2,284,000","2,358,000","2,427,000","2,494,000","2,562,000","2,636,000","2,706,000","2,751,000","2,795,000","2,840,000","2,880,000","2,925,000","2,967,000","3,004,000","3,037,000","3,060,000","3,070,000","3,074,000","3,071,000","3,063,000","3,057,000","3,053,000","3,052,000","3,057,000","3,062,000"
66,HRV,Croatia,EN.AGR.EMPL,Economically active population in agriculture  (number),,,,,,,,,,,,,"297,000","280,000","263,000","247,000","230,000","214,000","198,000","183,000","170,000","157,000","147,000","138,000","129,000","120,000","112,000","104,000","97,000"
67,CUB,Cuba,EN.AGR.EMPL,Economically active population in agriculture  (number),"827,000","828,000","831,000","834,000","837,000","840,000","844,000","845,000","845,000","840,000","833,000","826,000","820,000","812,000","803,000","794,000","783,000","771,000","758,000","745,000","730,000","715,000","699,000","683,000","667,000","653,000","639,000","624,000","610,000"
68,CYP,Cyprus,EN.AGR.EMPL,Economically active population in agriculture  (number),"72,000","70,000","68,000","65,000","63,000","60,000","57,000","54,000","51,000","48,000","44,000","43,000","40,000","39,000","38,000","37,000","36,000","35,000","34,000","33,000","32,000","32,000","30,000","30,000","29,000","28,000","27,000","26,000","25,000"
69,CZE,Czech Republic,EN.AGR.EMPL,Economically active population in agriculture  (number),,,,,,,,,,,,,"526,000","526,000","515,000","502,000","487,000","473,000","459,000","446,000","430,000","416,000","404,000","391,000","380,000","371,000","362,000","353,000","344,000"
70,DNK,Denmark,EN.AGR.EMPL,Economically active population in agriculture  (number),"184,000","182,000","178,000","175,000","174,000","173,000","172,000","168,000","168,000","164,000","162,000","155,000","150,000","143,000","133,000","131,000","126,000","122,000","116,000","113,000","108,000","104,000","101,000","97,000","94,000","90,000","87,000","83,000","80,000"
71,DJI,Djibouti,EN.AGR.EMPL,Economically active population in agriculture  (number),"112,000","116,000","119,000","122,000","125,000","131,000","140,000","150,000","162,000","173,000","181,000","187,000","191,000","193,000","196,000","199,000","205,000","211,000","219,000","226,000","232,000","238,000","243,000","247,000","251,000","256,000","260,000","266,000","271,000"
72,DMA,Dominica,EN.AGR.EMPL,Economically active population in agriculture  (number),"9,000","9,000","9,000","9,000","8,000","8,000","8,000","8,000","8,000","8,000","7,000","7,000","7,000","7,000","7,000","7,000","7,000","7,000","7,000","7,000","7,000","6,000","6,000","6,000","6,000","6,000","6,000","6,000","6,000"
73,DOM,Dominican Republic,EN.AGR.EMPL,Economically active population in agriculture  (number),"581,000","587,000","596,000","604,000","612,000","619,000","624,000","629,000","633,000","636,000","637,000","633,000","628,000","622,000","614,000","607,000","599,000","590,000","581,000","572,000","562,000","556,000","550,000","541,000","531,000","522,000","513,000","500,000","491,000"
74,ECU,Ecuador,EN.AGR.EMPL,Economically active population in agriculture  (number),"985,000","1,002,000","923,000","949,000","976,000","1,003,000","1,032,000","1,060,000","1,089,000","1,104,000","1,119,000","1,135,000","1,152,000","1,168,000","1,181,000","1,192,000","1,199,000","1,203,000","1,205,000","1,207,000","1,206,000","1,213,000","1,212,000","1,210,000","1,207,000","1,203,000","1,200,000","1,190,000","1,183,000"
75,EGY,Egypt Arab Rep.,EN.AGR.EMPL,Economically active population in agriculture  (number),"6,337,000","6,518,000","6,708,000","6,930,000","6,881,000","6,862,000","6,854,000","6,870,000","6,858,000","6,834,000","6,605,000","6,364,000","6,325,000","6,428,000","6,504,000","6,489,000","6,455,000","6,417,000","6,377,000","6,599,000","6,577,000","6,544,000","6,700,000","6,760,000","6,807,000","6,839,000","6,847,000","6,900,000","6,908,000"
76,SLV,El Salvador,EN.AGR.EMPL,Economically active population in agriculture  (number),"633,000","635,000","635,000","636,000","637,000","638,000","640,000","643,000","646,000","650,000","655,000","642,000","680,000","688,000","696,000","696,000","682,000","678,000","682,000","670,000","660,000","648,000","636,000","644,000","630,000","623,000","616,000","608,000","600,000"
77,GNQ,Equatorial Guinea,EN.AGR.EMPL,Economically active population in agriculture  (number),"67,000","71,000","76,000","82,000","88,000","94,000","98,000","101,000","104,000","106,000","109,000","112,000","115,000","119,000","122,000","125,000","129,000","132,000","136,000","140,000","144,000","147,000","150,000","154,000","157,000","160,000","164,000","164,000","167,000"
78,ERI,Eritrea,EN.AGR.EMPL,Economically active population in agriculture  (number),,,,,,,,,,,,,,"943,000","940,000","944,000","958,000","980,000","1,011,000","1,047,000","1,087,000","1,136,000","1,189,000","1,244,000","1,298,000","1,349,000","1,395,000","1,429,000","1,465,000"
79,EST,Estonia,EN.AGR.EMPL,Economically active population in agriculture  (number),,,,,,,,,,,,,"105,000","100,000","96,000","92,000","87,000","83,000","81,000","79,000","76,000","74,000","72,000","71,000","68,000","68,000","65,000","65,000","63,000"
80,ETH,Ethiopia,EN.AGR.EMPL,Economically active population in agriculture  (number),,,,,,,,,,,,,,"19,102,000","19,785,000","20,503,000","21,206,000","21,896,000","22,578,000","23,263,000","24,024,000","24,802,000","25,595,000","26,407,000","27,242,000","28,100,000","28,766,000","29,732,000","30,626,000"
81,FRO,Faeroe Islands,EN.AGR.EMPL,Economically active population in agriculture  (number),"1,000","1,000","1,000","1,000","1,000","1,000","1,000","1,000","1,000","1,000","1,000","1,000","1,000","1,000","1,000","1,000","1,000","1,000","1,000","1,000","1,000","1,000","1,000","1,000","1,000","1,000","1,000","1,000","1,000"
82,FJI,Fiji,EN.AGR.EMPL,Economically active population in agriculture  (number),"96,000","99,000","102,000","106,000","108,000","110,000","111,000","112,000","113,000","113,000","115,000","114,000","116,000","117,000","119,000","120,000","122,000","122,000","123,000","123,000","124,000","124,000","124,000","124,000","124,000","124,000","124,000","124,000","125,000"
83,FIN,Finland,EN.AGR.EMPL,Economically active population in agriculture  (number),"298,000","293,000","286,000","278,000","270,000","263,000","254,000","243,000","234,000","228,000","218,000","205,000","193,000","184,000","176,000","170,000","163,000","156,000","151,000","147,000","143,000","138,000","133,000","126,000","121,000","117,000","113,000","109,000","105,000"
84,FRA,France,EN.AGR.EMPL,Economically active population in agriculture  (number),"1,982,000","1,922,000","1,866,000","1,800,000","1,737,000","1,683,000","1,628,000","1,564,000","1,495,000","1,435,000","1,365,000","1,299,000","1,245,000","1,189,000","1,136,000","1,088,000","1,049,000","998,000","955,000","918,000","879,000","843,000","812,000","790,000","756,000","722,000","690,000","660,000","630,000"
85,PYF,French Polynesia,EN.AGR.EMPL,Economically active population in agriculture  (number),"27,000","28,000","29,000","29,000","30,000","31,000","31,000","32,000","32,000","33,000","33,000","34,000","34,000","34,000","34,000","34,000","34,000","34,000","34,000","34,000","34,000","34,000","34,000","34,000","34,000","34,000","34,000","34,000","33,000"
86,GAB,Gabon,EN.AGR.EMPL,Economically active population in agriculture  (number),"200,000","200,000","201,000","202,000","202,000","203,000","204,000","204,000","205,000","206,000","207,000","207,000","208,000","209,000","210,000","210,000","210,000","210,000","209,000","208,000","206,000","205,000","204,000","202,000","200,000","197,000","194,000","192,000","189,000"
87,GMB,Gambia The,EN.AGR.EMPL,Economically active population in agriculture  (number),"231,000","238,000","245,000","253,000","261,000","270,000","280,000","290,000","301,000","314,000","326,000","338,000","350,000","363,000","376,000","389,000","403,000","418,000","433,000","448,000","462,000","477,000","492,000","506,000","521,000","535,000","550,000","565,000","581,000"
88,GEO,Georgia,EN.AGR.EMPL,Economically active population in agriculture  (number),,,,,,,,,,,,,"668,000","623,000","590,000","572,000","556,000","538,000","521,000","504,000","472,000","473,000","443,000","437,000","414,000","400,000","387,000","376,000","365,000"
89,DEU,Germany,EN.AGR.EMPL,Economically active population in agriculture  (number),"2,448,000","2,360,000","2,274,000","2,171,000","2,089,000","2,013,000","1,921,000","1,827,000","1,737,000","1,631,000","1,564,000","1,517,000","1,443,000","1,377,000","1,314,000","1,258,000","1,208,000","1,160,000","1,116,000","1,062,000","1,012,000","969,000","923,000","876,000","848,000","820,000","791,000","750,000","719,000"
90,GHA,Ghana,EN.AGR.EMPL,Economically active population in agriculture  (number),"2,757,000","2,831,000","2,922,000","3,020,000","3,111,000","3,201,000","3,286,000","3,368,000","3,449,000","3,534,000","3,627,000","3,722,000","3,823,000","3,951,000","4,084,000","4,220,000","4,359,000","4,501,000","4,646,000","4,794,000","4,874,000","4,983,000","5,091,000","5,197,000","5,303,000","5,411,000","5,516,000","5,664,000","5,790,000"
91,GRC,Greece,EN.AGR.EMPL,Economically active population in agriculture  (number),"1,247,000","1,230,000","1,199,000","1,170,000","1,141,000","1,115,000","1,079,000","1,040,000","1,027,000","997,000","963,000","917,000","919,000","906,000","900,000","893,000","889,000","866,000","863,000","847,000","823,000","787,000","773,000","757,000","747,000","723,000","705,000","687,000","667,000"
92,GRL,Greenland,EN.AGR.EMPL,Economically active population in agriculture  (number),"1,000","1,000","1,000","1,000","1,000","1,000","1,000","1,000","1,000","1,000","1,000","1,000","1,000","1,000","1,000","1,000","1,000","1,000","1,000","1,000","1,000","1,000","1,000","1,000","1,000","1,000","1,000","1,000","1,000"
93,GRD,Grenada,EN.AGR.EMPL,Economically active population in agriculture  (number),"11,000","11,000","11,000","11,000","11,000","11,000","11,000","11,000","11,000","11,000","10,000","10,000","10,000","10,000","10,000","10,000","10,000","10,000","10,000","10,000","10,000","10,000","10,000","10,000","9,000","9,000","9,000","9,000","9,000"
94,GUM,Guam,EN.AGR.EMPL,Economically active population in agriculture  (number),"16,000","16,000","16,000","16,000","17,000","18,000","18,000","19,000","19,000","19,000","20,000","20,000","20,000","20,000","20,000","20,000","20,000","20,000","19,000","19,000","19,000","19,000","20,000","20,000","20,000","20,000","20,000","20,000","20,000"
95,GTM,Guatemala,EN.AGR.EMPL,Economically active population in agriculture  (number),"1,209,000","1,234,000","1,262,000","1,291,000","1,318,000","1,348,000","1,378,000","1,408,000","1,439,000","1,470,000","1,487,000","1,493,000","1,496,000","1,495,000","1,490,000","1,481,000","1,468,000","1,448,000","1,423,000","1,391,000","1,492,000","1,588,000","1,679,000","1,767,000","1,851,000","1,888,000","1,925,000","1,953,000","1,988,000"
96,GIN,Guinea,EN.AGR.EMPL,Economically active population in agriculture  (number),"2,009,000","2,052,000","2,094,000","2,135,000","2,179,000","2,226,000","2,275,000","2,328,000","2,386,000","2,453,000","2,531,000","2,624,000","2,727,000","2,833,000","2,935,000","3,025,000","3,103,000","3,170,000","3,228,000","3,282,000","3,336,000","3,389,000","3,441,000","3,494,000","3,549,000","3,606,000","3,668,000","3,731,000","3,801,000"
97,GNB,Guinea-Bissau,EN.AGR.EMPL,Economically active population in agriculture  (number),"289,000","295,000","300,000","303,000","306,000","310,000","315,000","320,000","326,000","333,000","340,000","347,000","355,000","363,000","371,000","379,000","387,000","394,000","396,000","404,000","411,000","419,000","425,000","433,000","441,000","449,000","457,000","462,000","470,000"
98,GUY,Guyana,EN.AGR.EMPL,Economically active population in agriculture  (number),"67,000","67,000","67,000","66,000","65,000","64,000","63,000","62,000","61,000","60,000","59,000","59,000","58,000","58,000","58,000","58,000","58,000","57,000","56,000","56,000","56,000","55,000","55,000","55,000","55,000","55,000","54,000","54,000","53,000"
99,HTI,Haiti,EN.AGR.EMPL,Economically active population in agriculture  (number),"1,662,000","1,670,000","1,675,000","1,696,000","1,708,000","1,720,000","1,731,000","1,742,000","1,753,000","1,768,000","1,783,000","1,811,000","1,785,000","1,797,000","1,793,000","1,805,000","1,843,000","1,880,000","1,917,000","1,958,000","1,992,000","2,023,000","2,056,000","2,087,000","2,113,000","2,149,000","2,184,000","2,224,000","2,256,000"
100,HND,Honduras,EN.AGR.EMPL,Economically active population in agriculture  (number),"650,000","653,000","656,000","660,000","665,000","669,000","672,000","674,000","676,000","675,000","674,000","681,000","693,000","702,000","710,000","717,000","732,000","738,000","742,000","749,000","736,000","723,000","711,000","700,000","689,000","680,000","684,000","675,000","672,000"
101,HKG,Hong Kong SAR China,EN.AGR.EMPL,Economically active population in agriculture  (number),,,,,,,,,,,,,,,,,,,,,,,,,,,,,
102,HUN,Hungary,EN.AGR.EMPL,Economically active population in agriculture  (number),"931,000","908,000","885,000","861,000","837,000","813,000","789,000","765,000","742,000","720,000","700,000","669,000","644,000","600,000","564,000","538,000","515,000","490,000","471,000","465,000","452,000","434,000","418,000","409,000","394,000","384,000","373,000","359,000","346,000"
103,ISL,Iceland,EN.AGR.EMPL,Economically active population in agriculture  (number),"12,000","13,000","13,000","13,000","13,000","14,000","14,000","14,000","15,000","15,000","15,000","15,000","15,000","15,000","14,000","14,000","14,000","14,000","14,000","14,000","13,000","13,000","13,000","13,000","12,000","12,000","13,000","12,000","12,000"
104,IND,India,EN.AGR.EMPL,Economically active population in agriculture  (number),"176,653,000","179,555,000","182,539,000","185,545,000","188,578,000","191,640,000","194,732,000","197,853,000","201,000,000","204,173,000","207,371,000","210,764,000","214,177,000","217,616,000","221,088,000","223,810,000","226,537,000","229,263,000","231,982,000","234,685,000","237,360,000","240,432,000","243,470,000","246,461,000","249,389,000","252,901,000","256,519,000","258,642,000","261,632,000"
105,IDN,Indonesia,EN.AGR.EMPL,Economically active population in agriculture  (number),"31,913,000","32,553,000","33,283,000","33,839,000","34,397,000","34,955,000","38,140,000","39,186,000","40,244,000","40,656,000","41,320,000","41,639,000","41,927,000","42,354,000","42,720,000","43,594,000","44,411,000","44,701,000","44,477,000","46,445,000","46,602,000","46,687,000","46,716,000","47,026,000","47,304,000","47,555,000","47,023,000","47,783,000","47,894,000"
106,IRN,Iran Islamic Rep.,EN.AGR.EMPL,Economically active population in agriculture  (number),"4,315,000","4,446,000","4,525,000","4,613,000","4,744,000","4,856,000","5,001,000","5,089,000","5,163,000","5,219,000","5,257,000","5,270,000","5,282,000","5,294,000","5,323,000","5,378,000","5,463,000","5,563,000","5,678,000","5,797,000","5,910,000","6,017,000","6,118,000","6,213,000","6,301,000","6,382,000","6,454,000","6,526,000","6,581,000"
107,IRQ,Iraq,EN.AGR.EMPL,Economically active population in agriculture  (number),"825,000","820,000","815,000","805,000","793,000","778,000","761,000","739,000","713,000","685,000","655,000","640,000","627,000","617,000","607,000","597,000","589,000","581,000","572,000","564,000","554,000","543,000","531,000","519,000","507,000","494,000","482,000","468,000","455,000"
108,IRL,Ireland,EN.AGR.EMPL,Economically active population in agriculture  (number),"232,000","231,000","227,000","222,000","217,000","212,000","206,000","200,000","195,000","189,000","186,000","181,000","177,000","173,000","170,000","168,000","167,000","164,000","166,000","166,000","166,000","165,000","163,000","161,000","161,000","161,000","162,000","159,000","158,000"
109,IMY,Isle of Man,EN.AGR.EMPL,Economically active population in agriculture  (number),,,,,,,,,,,,,,,,,,,,,,,,,,,,,
110,ISR,Israel,EN.AGR.EMPL,Economically active population in agriculture  (number),"77,000","76,000","75,000","73,000","72,000","71,000","69,000","67,000","67,000","66,000","65,000","64,000","65,000","66,000","66,000","66,000","65,000","64,000","64,000","63,000","62,000","61,000","59,000","58,000","58,000","57,000","56,000","54,000","53,000"
111,ITA,Italy,EN.AGR.EMPL,Economically active population in agriculture  (number),"2,795,000","2,733,000","2,644,000","2,579,000","2,509,000","2,431,000","2,382,000","2,322,000","2,244,000","2,166,000","2,073,000","1,977,000","1,893,000","1,741,000","1,645,000","1,561,000","1,489,000","1,420,000","1,363,000","1,307,000","1,253,000","1,204,000","1,158,000","1,114,000","1,079,000","1,025,000","983,000","950,000","912,000"
112,JAM,Jamaica,EN.AGR.EMPL,Economically active population in agriculture  (number),"296,000","300,000","305,000","305,000","304,000","301,000","297,000","292,000","286,000","280,000","275,000","273,000","272,000","270,000","269,000","265,000","262,000","257,000","254,000","250,000","246,000","242,000","237,000","232,000","229,000","228,000","226,000","221,000","218,000"
113,JPN,Japan,EN.AGR.EMPL,Economically active population in agriculture  (number),"6,199,000","6,061,000","5,939,000","5,841,000","5,659,000","5,462,000","5,298,000","5,124,000","4,951,000","4,790,000","4,648,000","4,465,000","4,272,000","4,054,000","3,844,000","3,641,000","3,458,000","3,288,000","3,098,000","2,909,000","2,734,000","2,571,000","2,404,000","2,259,000","2,118,000","1,997,000","1,880,000","1,745,000","1,631,000"
114,JOR,Jordan,EN.AGR.EMPL,Economically active population in agriculture  (number),"74,000","75,000","78,000","82,000","85,000","88,000","88,000","88,000","89,000","92,000","97,000","103,000","112,000","122,000","128,000","131,000","131,000","128,000","125,000","122,000","119,000","118,000","117,000","118,000","119,000","120,000","121,000","120,000","120,000"
115,KAZ,Kazakhstan,EN.AGR.EMPL,Economically active population in agriculture  (number),,,,,,,,,,,,,"1,670,000","1,625,000","1,578,000","1,531,000","1,483,000","1,435,000","1,390,000","1,351,000","1,321,000","1,299,000","1,284,000","1,266,000","1,246,000","1,227,000","1,207,000","1,210,000","1,196,000"
116,KEN,Kenya,EN.AGR.EMPL,Economically active population in agriculture  (number),"5,521,000","5,715,000","5,916,000","6,125,000","6,342,000","6,567,000","6,801,000","7,041,000","7,291,000","7,555,000","7,842,000","8,139,000","8,455,000","8,780,000","9,104,000","9,417,000","9,718,000","10,007,000","10,287,000","10,564,000","10,821,000","11,080,000","11,340,000","11,601,000","11,861,000","12,121,000","12,380,000","12,603,000","12,840,000"
117,KIR,Kiribati,EN.AGR.EMPL,Economically active population in agriculture  (number),"8,000","8,000","8,000","8,000","9,000","9,000","9,000","10,000","10,000","10,000","10,000","10,000","10,000","10,000","10,000","10,000","10,000","10,000","10,000","10,000","10,000","10,000","10,000","10,000","11,000","11,000","11,000","11,000","11,000"
118,PRK,Korea Dem. Rep.,EN.AGR.EMPL,Economically active population in agriculture  (number),"3,136,000","3,187,000","3,229,000","3,267,000","3,309,000","3,358,000","3,416,000","3,479,000","3,540,000","3,588,000","3,618,000","3,614,000","3,598,000","3,575,000","3,547,000","3,517,000","3,481,000","3,440,000","3,397,000","3,357,000","3,323,000","3,297,000","3,274,000","3,254,000","3,231,000","3,205,000","3,175,000","3,123,000","3,092,000"
119,KOR,Korea Rep.,EN.AGR.EMPL,Economically active population in agriculture  (number),"5,378,000","5,183,000","5,096,000","4,865,000","4,565,000","4,455,000","4,308,000","4,166,000","3,932,000","3,736,000","3,470,000","3,349,000","3,214,000","3,069,000","2,967,000","2,853,000","2,740,000","2,639,000","2,439,000","2,322,000","2,225,000","2,116,000","2,022,000","1,896,000","1,814,000","1,717,000","1,624,000","1,527,000","1,441,000"
120,KSV,Kosovo,EN.AGR.EMPL,Economically active population in agriculture  (number),,,,,,,,,,,,,,,,,,,,,,,,,,,,,
121,KWT,Kuwait,EN.AGR.EMPL,Economically active population in agriculture  (number),"9,000","9,000","9,000","10,000","10,000","10,000","10,000","10,000","10,000","10,000","10,000","10,000","10,000","10,000","9,000","10,000","10,000","11,000","11,000","12,000","13,000","13,000","14,000","14,000","14,000","15,000","15,000","15,000","15,000"
122,KGZ,Kyrgyz Republic,EN.AGR.EMPL,Economically active population in agriculture  (number),,,,,,,,,,,,,"566,000","557,000","550,000","544,000","542,000","542,000","542,000","543,000","543,000","541,000","539,000","536,000","533,000","532,000","533,000","533,000","533,000"
123,LAO,Lao PDR,EN.AGR.EMPL,Economically active population in agriculture  (number),"1,167,000","1,182,000","1,205,000","1,235,000","1,268,000","1,302,000","1,337,000","1,378,000","1,421,000","1,454,000","1,491,000","1,531,000","1,568,000","1,607,000","1,644,000","1,683,000","1,724,000","1,763,000","1,809,000","1,853,000","1,896,000","1,942,000","1,988,000","2,034,000","2,086,000","2,134,000","2,189,000","2,256,000","2,323,000"
124,LVA,Latvia,EN.AGR.EMPL,Economically active population in agriculture  (number),,,,,,,,,,,,,"203,000","191,000","178,000","167,000","157,000","151,000","145,000","140,000","132,000","129,000","130,000","126,000","124,000","121,000","122,000","118,000","116,000"
125,LBN,Lebanon,EN.AGR.EMPL,Economically active population in agriculture  (number),"120,000","116,000","113,000","108,000","104,000","99,000","94,000","88,000","82,000","76,000","70,000","66,000","65,000","64,000","62,000","61,000","59,000","56,000","53,000","50,000","48,000","46,000","43,000","41,000","39,000","37,000","36,000","34,000","32,000"
126,LSO,Lesotho,EN.AGR.EMPL,Economically active population in agriculture  (number),"243,000","248,000","254,000","260,000","267,000","273,000","278,000","282,000","287,000","291,000","295,000","298,000","301,000","304,000","307,000","311,000","317,000","322,000","328,000","333,000","337,000","341,000","343,000","345,000","347,000","348,000","349,000","348,000","349,000"
127,LBR,Liberia,EN.AGR.EMPL,Economically active population in agriculture  (number),"546,000","561,000","578,000","592,000","604,000","611,000","613,000","611,000","604,000","594,000","578,000","557,000","532,000","510,000","498,000","504,000","529,000","570,000","619,000","667,000","706,000","734,000","752,000","766,000","781,000","800,000","826,000","853,000","883,000"
128,LBY,Libya,EN.AGR.EMPL,Economically active population in agriculture  (number),"188,000","185,000","180,000","176,000","171,000","166,000","160,000","153,000","146,000","137,000","128,000","125,000","122,000","120,000","118,000","116,000","114,000","112,000","110,000","108,000","105,000","103,000","99,000","96,000","92,000","88,000","84,000","82,000","79,000"
129,LIE,Liechtenstein,EN.AGR.EMPL,Economically active population in agriculture  (number),"1,000","1,000","1,000","1,000","1,000","1,000","1,000","1,000","1,000","1,000","1,000","1,000","1,000","1,000","1,000","1,000","1,000","1,000",,,,,,,,,,,
130,LTU,Lithuania,EN.AGR.EMPL,Economically active population in agriculture  (number),,,,,,,,,,,,,"319,000","302,000","286,000","271,000","256,000","241,000","231,000","222,000","204,000","193,000","183,000","177,000","168,000","159,000","150,000","142,000","136,000"
131,LUX,Luxembourg,EN.AGR.EMPL,Economically active population in agriculture  (number),,,,,,,,,,,,,,,,,,,,,"4,000","4,000","4,000","4,000","4,000","3,000","3,000","3,000","3,000"
132,MAC,Macao SAR China,EN.AGR.EMPL,Economically active population in agriculture  (number),,,,,,,,,,,,,,,,,,,,,,,,,,,,,
133,MKD,Macedonia FYR,EN.AGR.EMPL,Economically active population in agriculture  (number),,,,,,,,,,,,,"158,000","149,000","140,000","135,000","130,000","123,000","118,000","112,000","107,000","104,000","98,000","94,000","87,000","85,000","83,000","78,000","75,000"
134,MDG,Madagascar,EN.AGR.EMPL,Economically active population in agriculture  (number),"3,194,000","3,269,000","3,340,000","3,412,000","3,485,000","3,565,000","3,648,000","3,736,000","3,828,000","3,924,000","4,026,000","4,133,000","4,242,000","4,354,000","4,470,000","4,587,000","4,708,000","4,832,000","4,957,000","5,084,000","5,213,000","5,343,000","5,481,000","5,614,000","5,939,000","6,223,000","6,370,000","6,439,000","6,641,000"
135,MWI,Malawi,EN.AGR.EMPL,Economically active population in agriculture  (number),"2,515,000","2,582,000","2,642,000","2,709,000","2,725,000","2,759,000","2,815,000","2,885,000","3,079,000","3,258,000","3,403,000","3,493,000","3,546,000","3,579,000","3,611,000","3,660,000","3,731,000","3,817,000","3,913,000","4,018,000","4,118,000","4,213,000","4,302,000","4,390,000","4,480,000","4,576,000","4,676,000","4,798,000","4,918,000"
136,MYS,Malaysia,EN.AGR.EMPL,Economically active population in agriculture  (number),"2,038,000","2,026,000","2,009,000","1,989,000","1,969,000","1,959,000","1,949,000","1,938,000","1,922,000","1,927,000","1,921,000","1,914,000","1,903,000","1,889,000","1,877,000","1,866,000","1,857,000","1,850,000","1,842,000","1,828,000","1,838,000","1,821,000","1,797,000","1,771,000","1,742,000","1,715,000","1,687,000","1,663,000","1,638,000"
137,MDV,Maldives,EN.AGR.EMPL,Economically active population in agriculture  (number),"24,000","24,000","24,000","23,000","23,000","23,000","22,000","21,000","21,000","20,000","19,000","19,000","20,000","20,000","20,000","20,000","20,000","20,000","20,000","20,000","21,000","21,000","21,000","22,000","22,000","23,000","23,000","23,000","23,000"
138,MLI,Mali,EN.AGR.EMPL,Economically active population in agriculture  (number),"1,733,000","1,752,000","1,772,000","1,788,000","1,807,000","1,832,000","1,852,000","1,877,000","1,902,000","1,927,000","1,953,000","1,979,000","2,003,000","2,032,000","2,058,000","2,082,000","2,106,000","2,128,000","2,151,000","2,178,000","2,211,000","2,241,000","2,282,000","2,327,000","2,375,000","2,420,000","2,464,000","2,511,000","2,551,000"
139,MLT,Malta,EN.AGR.EMPL,Economically active population in agriculture  (number),"10,000","9,000","8,000","8,000","7,000","7,000","6,000","5,000","5,000","4,000","3,000","3,000","3,000","3,000","3,000","3,000","3,000","3,000","3,000","3,000","2,000","2,000","2,000","2,000","2,000","2,000","2,000","2,000","2,000"
140,MHL,Marshall Islands,EN.AGR.EMPL,Economically active population in agriculture  (number),,,,,,,,,,,,"7,000","7,000","7,000","7,000","7,000","7,000","7,000","7,000","6,000","6,000","6,000","6,000","6,000","6,000","7,000","7,000","7,000","7,000"
141,MRT,Mauritania,EN.AGR.EMPL,Economically active population in agriculture  (number),"429,000","431,000","434,000","435,000","436,000","437,000","437,000","437,000","436,000","435,000","434,000","445,000","456,000","468,000","479,000","492,000","504,000","518,000","532,000","546,000","561,000","577,000","592,000","609,000","625,000","642,000","659,000","674,000","691,000"
142,MUS,Mauritius,EN.AGR.EMPL,Economically active population in agriculture  (number),"101,000","99,000","97,000","95,000","92,000","90,000","89,000","86,000","84,000","81,000","75,000","75,000","74,000","73,000","72,000","68,000","67,000","66,000","65,000","64,000","63,000","62,000","63,000","61,000","56,000","55,000","53,000","53,000","51,000"
143,MYT,Mayotte,EN.AGR.EMPL,Economically active population in agriculture  (number),,,,,,,,,,,,,,,,,,,,,,,,,,,,,
144,MEX,Mexico,EN.AGR.EMPL,Economically active population in agriculture  (number),"7,868,000","7,921,000","7,960,000","7,992,000","8,025,000","8,062,000","8,108,000","8,155,000","8,202,000","8,278,000","8,344,000","8,447,000","8,561,000","8,671,000","8,639,000","8,583,000","8,624,000","8,772,000","8,771,000","8,687,000","8,621,000","8,523,000","8,460,000","8,342,000","8,372,000","8,272,000","8,298,000","8,055,000","7,939,000"
145,FSM,Micronesia Fed. Sts.,EN.AGR.EMPL,Economically active population in agriculture  (number),,,,,,,,,,,,"14,000","14,000","14,000","14,000","14,000","14,000","14,000","14,000","14,000","13,000","13,000","13,000","13,000","13,000","13,000","13,000","13,000","13,000"
146,MDA,Moldova,EN.AGR.EMPL,Economically active population in agriculture  (number),,,,,,,,,,,,,"629,000","600,000","570,000","540,000","509,000","479,000","448,000","419,000","389,000","361,000","334,000","308,000","282,000","268,000","257,000","235,000","222,000"
147,MCO,Monaco,EN.AGR.EMPL,Economically active population in agriculture  (number),,,,,,,,,,,,,,,,,,,,,,,,,,,,,
148,MNG,Mongolia,EN.AGR.EMPL,Economically active population in agriculture  (number),"228,000","230,000","232,000","235,000","238,000","242,000","244,000","247,000","250,000","249,000","248,000","247,000","247,000","245,000","244,000","241,000","240,000","238,000","237,000","236,000","235,000","234,000","233,000","232,000","231,000","228,000","226,000","223,000","221,000"
149,MNE,Montenegro,EN.AGR.EMPL,Economically active population in agriculture  (number),,,,,,,,,,,,,,,,,,,,,,,,,,,"46,000","44,000","42,000"
150,MAR,Morocco,EN.AGR.EMPL,Economically active population in agriculture  (number),"3,101,000","3,146,000","3,172,000","3,188,000","3,198,000","3,210,000","3,224,000","3,241,000","3,253,000","3,263,000","3,267,000","3,284,000","3,301,000","3,314,000","3,330,000","3,349,000","3,373,000","3,400,000","3,429,000","3,455,000","3,376,000","3,187,000","3,144,000","3,235,000","3,275,000","3,218,000","3,215,000","3,135,000","3,107,000"
151,MOZ,Mozambique,EN.AGR.EMPL,Economically active population in agriculture  (number),"5,048,000","5,153,000","5,251,000","5,332,000","5,380,000","5,389,000","5,350,000","5,272,000","5,193,000","5,160,000","5,207,000","5,344,000","5,558,000","5,818,000","6,078,000","6,307,000","6,496,000","6,653,000","6,802,000","6,952,000","7,110,000","7,261,000","7,425,000","7,584,000","7,740,000","7,892,000","8,042,000","8,199,000","8,354,000"
152,MMR,Myanmar,EN.AGR.EMPL,Economically active population in agriculture  (number),"12,124,000","12,404,000","12,701,000","12,996,000","13,300,000","13,631,000","13,939,000","14,237,000","14,523,000","14,787,000","15,058,000","15,319,000","15,588,000","15,852,000","16,108,000","16,369,000","16,637,000","16,922,000","17,259,000","17,520,000","17,747,000","17,993,000","18,191,000","18,372,000","18,541,000","18,723,000","18,859,000","19,119,000","19,331,000"
153,NAM,Namibia,EN.AGR.EMPL,Economically active population in agriculture  (number),"177,000","178,000","178,000","179,000","181,000","184,000","190,000","198,000","205,000","213,000","219,000","223,000","226,000","229,000","231,000","230,000","230,000","230,000","235,000","239,000","243,000","244,000","245,000","246,000","246,000","246,000","247,000","251,000","254,000"
154,NPL,Nepal,EN.AGR.EMPL,Economically active population in agriculture  (number),"5,453,000","5,576,000","5,688,000","5,800,000","5,915,000","6,033,000","6,154,000","6,278,000","6,404,000","6,534,000","6,665,000","6,797,000","6,965,000","7,141,000","7,327,000","7,526,000","7,737,000","7,960,000","8,194,000","8,438,000","8,690,000","8,951,000","9,266,000","9,601,000","9,956,000","10,330,000","10,722,000","11,000,000","11,340,000"
155,NLD,Netherlands,EN.AGR.EMPL,Economically active population in agriculture  (number),"300,000","303,000","301,000","301,000","297,000","294,000","291,000","315,000","316,000","315,000","316,000","311,000","303,000","297,000","292,000","291,000","286,000","284,000","280,000","276,000","270,000","264,000","258,000","252,000","246,000","239,000","235,000","231,000","225,000"
156,ANT,Netherlands Antilles,EN.AGR.EMPL,Economically active population in agriculture  (number),,,,,,,,,,"1,000","1,000","1,000","1,000",,,,,,,,,,,,,,,,
157,NCL,New Caledonia,EN.AGR.EMPL,Economically active population in agriculture  (number),"24,000","24,000","25,000","25,000","26,000","26,000","27,000","28,000","29,000","30,000","30,000","31,000","31,000","31,000","32,000","32,000","32,000","32,000","32,000","32,000","32,000","33,000","33,000","33,000","33,000","33,000","33,000","33,000","33,000"
158,NZL,New Zealand,EN.AGR.EMPL,Economically active population in agriculture  (number),"150,000","152,000","157,000","162,000","167,000","171,000","175,000","175,000","171,000","170,000","171,000","170,000","170,000","171,000","174,000","176,000","178,000","177,000","176,000","175,000","175,000","177,000","179,000","179,000","181,000","184,000","185,000","184,000","184,000"
159,NIC,Nicaragua,EN.AGR.EMPL,Economically active population in agriculture  (number),"383,000","385,000","385,000","385,000","385,000","384,000","388,000","389,000","390,000","391,000","392,000","393,000","393,000","392,000","391,000","389,000","392,000","392,000","392,000","392,000","392,000","389,000","385,000","381,000","377,000","373,000","369,000","366,000","362,000"
160,NER,Niger,EN.AGR.EMPL,Economically active population in agriculture  (number),"1,772,000","1,817,000","1,860,000","1,899,000","1,935,000","1,983,000","2,036,000","2,091,000","2,152,000","2,213,000","2,280,000","2,348,000","2,414,000","2,489,000","2,570,000","2,654,000","2,743,000","2,837,000","2,939,000","3,034,000","3,128,000","3,227,000","3,323,000","3,423,000","3,525,000","3,639,000","3,764,000","3,895,000","4,036,000"
161,NGA,Nigeria,EN.AGR.EMPL,Economically active population in agriculture  (number),"12,576,000","12,635,000","12,675,000","12,689,000","12,650,000","12,601,000","12,549,000","12,572,000","12,592,000","12,610,000","12,613,000","12,623,000","12,625,000","12,621,000","12,613,000","12,602,000","12,590,000","12,576,000","12,561,000","12,539,000","12,521,000","12,496,000","12,470,000","12,441,000","12,410,000","12,376,000","12,341,000","12,312,000","12,285,000"
162,MNP,Northern Mariana Islands,EN.AGR.EMPL,Economically active population in agriculture  (number),,,,,,,,,,,,"7,000","7,000","7,000","7,000","8,000","8,000","8,000","8,000","8,000","8,000","9,000","9,000","9,000","9,000","9,000","9,000","9,000","9,000"
163,NOR,Norway,EN.AGR.EMPL,Economically active population in agriculture  (number),"165,000","164,000","161,000","162,000","159,000","157,000","156,000","154,000","150,000","144,000","139,000","133,000","129,000","124,000","122,000","119,000","119,000","118,000","116,000","112,000","110,000","107,000","105,000","101,000","99,000","97,000","95,000","93,000","92,000"
164,OMN,Oman,EN.AGR.EMPL,Economically active population in agriculture  (number),"161,000","170,000","180,000","189,000","197,000","204,000","214,000","224,000","231,000","240,000","254,000","266,000","280,000","294,000","307,000","316,000","321,000","323,000","323,000","322,000","320,000","317,000","315,000","313,000","312,000","311,000","312,000","314,000","317,000"
165,PAK,Pakistan,EN.AGR.EMPL,Economically active population in agriculture  (number),"13,791,000","14,802,000","15,030,000","14,931,000","15,138,000","15,048,000","15,044,000","15,313,000","15,565,000","15,633,000","15,659,000","16,276,000","16,411,000","16,442,000","16,754,000","16,450,000","17,011,000","17,664,000","18,072,000","18,635,000","19,255,000","19,656,000","20,145,000","20,902,000","21,680,000","22,726,000","23,796,000","24,210,000","24,902,000"
166,PLW,Palau,EN.AGR.EMPL,Economically active population in agriculture  (number),,,,,,,,,,,,"2,000","2,000","2,000","2,000","2,000","2,000","2,000","2,000","2,000","2,000","2,000","2,000","2,000","2,000","2,000","2,000","2,000","2,000"
167,PAN,Panama,EN.AGR.EMPL,Economically active population in agriculture  (number),"191,000","194,000","199,000","206,000","213,000","220,000","221,000","229,000","237,000","243,000","247,000","247,000","251,000","255,000","257,000","258,000","258,000","258,000","258,000","258,000","258,000","257,000","257,000","257,000","258,000","257,000","255,000","253,000","251,000"
168,PNG,Papua New Guinea,EN.AGR.EMPL,Economically active population in agriculture  (number),"1,057,000","1,083,000","1,113,000","1,146,000","1,187,000","1,221,000","1,256,000","1,289,000","1,326,000","1,367,000","1,410,000","1,438,000","1,455,000","1,472,000","1,505,000","1,547,000","1,574,000","1,616,000","1,659,000","1,687,000","1,728,000","1,768,000","1,798,000","1,825,000","1,861,000","1,902,000","1,942,000","1,987,000","2,030,000"
169,PRY,Paraguay,EN.AGR.EMPL,Economically active population in agriculture  (number),"494,000","504,000","518,000","531,000","542,000","553,000","564,000","574,000","583,000","593,000","577,000","583,000","604,000","625,000","641,000","657,000","667,000","676,000","687,000","704,000","716,000","727,000","741,000","753,000","765,000","777,000","788,000","800,000","811,000"
170,PER,Peru,EN.AGR.EMPL,Economically active population in agriculture  (number),"2,191,000","2,242,000","2,292,000","2,287,000","2,273,000","2,434,000","2,595,000","2,609,000","2,663,000","2,714,000","2,785,000","2,847,000","2,908,000","2,968,000","3,027,000","3,085,000","3,142,000","3,198,000","3,253,000","3,308,000","3,363,000","3,418,000","3,472,000","3,513,000","3,551,000","3,583,000","3,613,000","3,666,000","3,696,000"
171,PHL,Philippines,EN.AGR.EMPL,Economically active population in agriculture  (number),"9,197,000","9,368,000","9,534,000","9,721,000","9,878,000","10,028,000","10,368,000","10,673,000","10,786,000","10,815,000","10,973,000","11,146,000","11,367,000","11,466,000","11,621,000","11,949,000","12,102,000","12,233,000","12,488,000","12,555,000","12,468,000","12,825,000","12,914,000","13,037,000","13,079,000","12,918,000","12,940,000","13,228,000","13,317,000"
172,POL,Poland,EN.AGR.EMPL,Economically active population in agriculture  (number),"5,235,000","5,244,000","5,247,000","5,245,000","5,237,000","5,223,000","5,203,000","5,177,000","5,146,000","5,051,000","4,963,000","4,813,000","4,674,000","4,565,000","4,418,000","4,265,000","4,155,000","4,052,000","3,957,000","3,820,000","3,776,000","3,701,000","3,576,000","3,492,000","3,421,000","3,366,000","3,267,000","3,180,000","3,101,000"
173,PRT,Portugal,EN.AGR.EMPL,Economically active population in agriculture  (number),"1,168,000","1,156,000","1,109,000","1,130,000","1,072,000","1,029,000","979,000","956,000","925,000","892,000","861,000","853,000","807,000","783,000","766,000","742,000","728,000","720,000","701,000","683,000","671,000","661,000","649,000","633,000","614,000","602,000","587,000","569,000","553,000"
174,PRI,Puerto Rico,EN.AGR.EMPL,Economically active population in agriculture  (number),"54,000","54,000","54,000","53,000","53,000","53,000","51,000","51,000","50,000","50,000","49,000","48,000","45,000","44,000","42,000","39,000","38,000","37,000","35,000","32,000","30,000","28,000","27,000","26,000","24,000","23,000","22,000","21,000","19,000"
175,QAT,Qatar,EN.AGR.EMPL,Economically active population in agriculture  (number),"3,000","3,000","4,000","4,000","5,000","5,000","6,000","6,000","6,000","7,000","7,000","7,000","6,000","6,000","6,000","5,000","5,000","5,000","5,000","5,000","5,000","5,000","5,000","5,000","5,000","6,000","6,000","7,000","7,000"
176,ROM,Romania,EN.AGR.EMPL,Economically active population in agriculture  (number),"3,680,000","3,573,000","3,467,000","3,358,000","3,248,000","3,142,000","3,032,000","2,925,000","2,819,000","2,711,000","2,603,000","2,511,000","2,461,000","2,415,000","2,372,000","2,331,000","2,144,000","2,049,000","1,918,000","1,825,000","1,735,000","1,626,000","1,440,000","1,345,000","1,244,000","1,169,000","1,131,000","1,030,000","966,000"
177,RUS,Russian Federation,EN.AGR.EMPL,Economically active population in agriculture  (number),,,,,,,,,,,,,"9,641,000","9,340,000","9,042,000","8,741,000","8,436,000","8,211,000","7,989,000","7,769,000","7,644,000","7,499,000","7,336,000","7,164,000","6,979,000","6,845,000","6,636,000","6,590,000","6,440,000"
178,RWA,Rwanda,EN.AGR.EMPL,Economically active population in agriculture  (number),"2,167,000","2,232,000","2,294,000","2,352,000","2,423,000","2,501,000","2,600,000","2,717,000","2,818,000","2,869,000","2,843,000","2,723,000","2,524,000","2,313,000","2,174,000","2,130,000","2,222,000","2,426,000","2,698,000","2,968,000","3,190,000","3,348,000","3,455,000","3,533,000","3,603,000","3,688,000","3,791,000","3,884,000","3,995,000"
179,WSM,Samoa,EN.AGR.EMPL,Economically active population in agriculture  (number),"26,000","26,000","26,000","26,000","27,000","26,000","26,000","25,000","25,000","24,000","24,000","24,000","24,000","24,000","24,000","24,000","23,000","23,000","23,000","22,000","22,000","21,000","21,000","20,000","20,000","19,000","19,000","19,000","18,000"
180,SMR,San Marino,EN.AGR.EMPL,Economically active population in agriculture  (number),"2,000","2,000","2,000","2,000","2,000","2,000","2,000","2,000","2,000","1,000","1,000","1,000","1,000","1,000","1,000","1,000","1,000","1,000","1,000","1,000","1,000","1,000","1,000","1,000","1,000","1,000","1,000","1,000","1,000"
181,STP,Sao Tome and Principe,EN.AGR.EMPL,Economically active population in agriculture  (number),"21,000","22,000","22,000","22,000","22,000","22,000","23,000","23,000","23,000","24,000","24,000","24,000","25,000","25,000","25,000","25,000","26,000","26,000","26,000","27,000","27,000","28,000","28,000","29,000","29,000","30,000","30,000","31,000","31,000"
182,SAU,Saudi Arabia,EN.AGR.EMPL,Economically active population in agriculture  (number),"1,039,000","1,069,000","1,125,000","1,169,000","1,188,000","1,197,000","1,182,000","1,160,000","1,110,000","1,051,000","966,000","934,000","901,000","869,000","838,000","812,000","785,000","762,000","741,000","723,000","702,000","685,000","669,000","649,000","629,000","605,000","581,000","560,000","535,000"
183,SEN,Senegal,EN.AGR.EMPL,Economically active population in agriculture  (number),"1,915,000","1,954,000","2,000,000","2,042,000","2,086,000","2,136,000","2,184,000","2,234,000","2,286,000","2,337,000","2,391,000","2,447,000","2,505,000","2,564,000","2,626,000","2,692,000","2,759,000","2,829,000","2,901,000","2,976,000","3,051,000","3,128,000","3,204,000","3,285,000","3,368,000","3,454,000","3,541,000","3,642,000","3,742,000"
184,SRB,Serbia,EN.AGR.EMPL,Economically active population in agriculture  (number),,,,,,,,,,,,,,,,,,,,,,,,,,,"732,000","702,000","673,000"
185,SYC,Seychelles,EN.AGR.EMPL,Economically active population in agriculture  (number),"24,000","24,000","24,000","24,000","24,000","24,000","24,000","24,000","25,000","25,000","26,000","26,000","26,000","26,000","27,000","27,000","27,000","28,000","28,000","28,000","29,000","29,000","29,000","29,000","29,000","29,000","29,000","29,000","29,000"
186,SLE,Sierra Leone,EN.AGR.EMPL,Economically active population in agriculture  (number),"923,000","939,000","954,000","971,000","988,000","1,011,000","1,033,000","1,059,000","1,086,000","1,105,000","1,112,000","1,107,000","1,096,000","1,079,000","1,061,000","1,050,000","1,041,000","1,038,000","1,039,000","1,048,000","1,063,000","1,086,000","1,115,000","1,150,000","1,184,000","1,215,000","1,241,000","1,261,000","1,281,000"
187,SGP,Singapore,EN.AGR.EMPL,Economically active population in agriculture  (number),"17,000","17,000","16,000","15,000","14,000","12,000","11,000","10,000","9,000","7,000","6,000","5,000","5,000","5,000","4,000","4,000","4,000","4,000","4,000","3,000","3,000","3,000","3,000","3,000","2,000","2,000","2,000","2,000","2,000"
188,SVK,Slovak Republic,EN.AGR.EMPL,Economically active population in agriculture  (number),,,,,,,,,,,,,"281,000","281,000","268,000","263,000","259,000","252,000","247,000","243,000","239,000","236,000","230,000","227,000","222,000","216,000","210,000","208,000","204,000"
189,SVN,Slovenia,EN.AGR.EMPL,Economically active population in agriculture  (number),,,,,,,,,,,,,"41,000","35,000","35,000","32,000","29,000","26,000","24,000","21,000","19,000","17,000","16,000","14,000","13,000","12,000","11,000","9,000","9,000"
190,SLB,Solomon Islands,EN.AGR.EMPL,Economically active population in agriculture  (number),"66,000","69,000","71,000","73,000","76,000","78,000","81,000","83,000","86,000","89,000","91,000","94,000","97,000","100,000","103,000","106,000","109,000","112,000","115,000","117,000","120,000","123,000","125,000","128,000","131,000","134,000","137,000","140,000","144,000"
191,SOM,Somalia,EN.AGR.EMPL,Economically active population in agriculture  (number),"1,881,000","1,919,000","1,913,000","1,884,000","1,851,000","1,829,000","1,822,000","1,833,000","1,849,000","1,864,000","1,874,000","1,872,000","1,863,000","1,850,000","1,845,000","1,854,000","1,877,000","1,914,000","1,957,000","2,003,000","2,047,000","2,089,000","2,131,000","2,171,000","2,208,000","2,246,000","2,282,000","2,320,000","2,358,000"
192,ZAF,South Africa,EN.AGR.EMPL,Economically active population in agriculture  (number),"1,606,000","1,616,000","1,628,000","1,639,000","1,647,000","1,654,000","1,648,000","1,639,000","1,628,000","1,618,000","1,612,000","1,603,000","1,601,000","1,599,000","1,593,000","1,583,000","1,567,000","1,548,000","1,528,000","1,508,000","1,485,000","1,462,000","1,438,000","1,413,000","1,382,000","1,347,000","1,313,000","1,293,000","1,261,000"
193,ESP,Spain,EN.AGR.EMPL,Economically active population in agriculture  (number),"2,628,000","2,538,000","2,470,000","2,404,000","2,317,000","2,225,000","2,147,000","2,119,000","2,058,000","1,968,000","1,888,000","1,818,000","1,742,000","1,679,000","1,621,000","1,558,000","1,507,000","1,456,000","1,406,000","1,365,000","1,339,000","1,274,000","1,255,000","1,238,000","1,218,000","1,195,000","1,167,000","1,115,000","1,077,000"
194,LKA,Sri Lanka,EN.AGR.EMPL,Economically active population in agriculture  (number),"3,105,000","3,122,000","3,131,000","3,137,000","3,150,000","3,173,000","3,162,000","3,263,000","3,366,000","3,469,000","3,567,000","3,500,000","3,422,000","3,449,000","3,508,000","3,410,000","3,464,000","3,491,000","3,728,000","3,642,000","3,619,000","3,654,000","3,696,000","3,739,000","3,772,000","3,755,000","3,812,000","3,879,000","3,904,000"
195,KNA,St. Kitts and Nevis,EN.AGR.EMPL,Economically active population in agriculture  (number),"5,000","5,000","5,000","5,000","5,000","5,000","5,000","5,000","5,000","4,000","4,000","4,000","4,000","4,000","4,000","4,000","4,000","4,000","4,000","4,000","4,000","4,000","4,000","4,000","4,000","5,000","5,000","5,000","5,000"
196,LCA,St. Lucia,EN.AGR.EMPL,Economically active population in agriculture  (number),"13,000","13,000","13,000","14,000","14,000","14,000","14,000","14,000","15,000","15,000","15,000","15,000","15,000","15,000","15,000","15,000","15,000","15,000","15,000","16,000","16,000","16,000","16,000","16,000","16,000","17,000","17,000","17,000","17,000"
197,VCT,St. Vincent and the Grenadines,EN.AGR.EMPL,Economically active population in agriculture  (number),"11,000","11,000","11,000","11,000","12,000","12,000","12,000","12,000","12,000","12,000","12,000","12,000","11,000","11,000","11,000","11,000","11,000","11,000","11,000","11,000","11,000","11,000","11,000","11,000","11,000","11,000","11,000","11,000","11,000"
198,SDN,Sudan,EN.AGR.EMPL,Economically active population in agriculture  (number),"4,758,000","4,901,000","5,049,000","5,198,000","5,236,000","5,261,000","5,272,000","5,273,000","5,268,000","5,265,000","5,267,000","5,379,000","5,482,000","5,564,000","5,740,000","5,894,000","6,036,000","6,119,000","6,202,000","6,281,000","6,353,000","6,408,000","6,459,000","6,508,000","6,557,000","6,614,000","6,682,000","6,798,000","6,889,000"
199,SUR,Suriname,EN.AGR.EMPL,Economically active population in agriculture  (number),"25,000","25,000","26,000","26,000","26,000","27,000","27,000","28,000","29,000","29,000","29,000","29,000","29,000","29,000","28,000","28,000","29,000","29,000","29,000","29,000","30,000","30,000","30,000","31,000","31,000","32,000","32,000","32,000","32,000"
200,SWZ,Swaziland,EN.AGR.EMPL,Economically active population in agriculture  (number),"118,000","119,000","120,000","121,000","123,000","125,000","128,000","132,000","135,000","138,000","139,000","142,000","143,000","143,000","144,000","145,000","146,000","148,000","149,000","150,000","150,000","150,000","148,000","146,000","145,000","143,000","142,000","141,000","141,000"
201,SWE,Sweden,EN.AGR.EMPL,Economically active population in agriculture  (number),"271,000","263,000","257,000","250,000","243,000","237,000","232,000","225,000","220,000","216,000","209,000","202,000","192,000","182,000","175,000","170,000","164,000","158,000","152,000","148,000","146,000","142,000","138,000","134,000","130,000","130,000","127,000","123,000","120,000"
202,CHE,Switzerland,EN.AGR.EMPL,Economically active population in agriculture  (number),"188,000","188,000","189,000","190,000","191,000","192,000","193,000","194,000","195,000","196,000","196,000","205,000","201,000","197,000","192,000","187,000","183,000","179,000","176,000","172,000","168,000","165,000","162,000","159,000","155,000","152,000","150,000","146,000","143,000"
203,SYR,Syrian Arab Republic,EN.AGR.EMPL,Economically active population in agriculture  (number),"679,000","692,000","705,000","718,000","777,000","808,000","840,000","873,000","908,000","945,000","985,000","1,024,000","1,066,000","1,112,000","1,160,000","1,210,000","1,102,000","1,009,000","1,067,000","1,143,000","1,153,000","1,256,000","1,369,000","1,227,000","1,267,000","1,308,000","1,349,000","1,389,000","1,424,000"
204,TJK,Tajikistan,EN.AGR.EMPL,Economically active population in agriculture  (number),,,,,,,,,,,,,"731,000","702,000","657,000","627,000","588,000","582,000","591,000","598,000","610,000","635,000","645,000","664,000","676,000","688,000","700,000","750,000","768,000"
205,TZA,Tanzania,EN.AGR.EMPL,Economically active population in agriculture  (number),"7,796,000","8,030,000","8,276,000","8,531,000","8,795,000","9,063,000","9,335,000","9,612,000","9,901,000","10,211,000","10,544,000","10,883,000","11,234,000","11,593,000","11,942,000","12,267,000","12,563,000","12,838,000","13,097,000","13,347,000","13,596,000","13,844,000","14,126,000","14,417,000","14,721,000","15,041,000","15,380,000","15,756,000","16,136,000"
206,THA,Thailand,EN.AGR.EMPL,Economically active population in agriculture  (number),"16,804,000","17,392,000","18,008,000","18,489,000","18,943,000","19,423,000","19,854,000","20,237,000","20,616,000","21,054,000","21,126,000","20,948,000","20,702,000","20,391,000","20,019,000","20,199,000","20,324,000","20,311,000","20,066,000","19,737,000","19,830,000","19,909,000","19,915,000","19,923,000","19,965,000","19,964,000","19,759,000","19,594,000","19,420,000"
207,TMP,Timor-Leste,EN.AGR.EMPL,Economically active population in agriculture  (number),"203,000","204,000","208,000","213,000","218,000","224,000","228,000","232,000","236,000","240,000","245,000","252,000","260,000","268,000","272,000","272,000","265,000","252,000","239,000","229,000","227,000","234,000","249,000","268,000","287,000","303,000","316,000","333,000","344,000"
208,TGO,Togo,EN.AGR.EMPL,Economically active population in agriculture  (number),"730,000","750,000","773,000","797,000","823,000","850,000","875,000","901,000","927,000","952,000","974,000","990,000","1,004,000","1,015,000","1,036,000","1,059,000","1,086,000","1,119,000","1,150,000","1,182,000","1,211,000","1,236,000","1,261,000","1,283,000","1,306,000","1,329,000","1,352,000","1,375,000","1,399,000"
209,TON,Tonga,EN.AGR.EMPL,Economically active population in agriculture  (number),"12,000","12,000","12,000","11,000","11,000","11,000","11,000","11,000","12,000","12,000","12,000","12,000","13,000","13,000","13,000","13,000","13,000","13,000","13,000","13,000","13,000","13,000","12,000","12,000","12,000","12,000","12,000","12,000","11,000"
210,TTO,Trinidad and Tobago,EN.AGR.EMPL,Economically active population in agriculture  (number),"46,000","47,000","49,000","49,000","50,000","51,000","50,000","49,000","48,000","47,000","50,000","46,000","47,000","49,000","49,000","50,000","50,000","50,000","50,000","50,000","50,000","50,000","49,000","49,000","49,000","49,000","49,000","49,000","48,000"
211,TUN,Tunisia,EN.AGR.EMPL,Economically active population in agriculture  (number),"690,000","690,000","689,000","688,000","686,000","682,000","678,000","672,000","665,000","658,000","653,000","669,000","682,000","694,000","706,000","718,000","729,000","740,000","746,000","752,000","757,000","762,000","768,000","772,000","776,000","779,000","785,000","787,000","791,000"
212,TUR,Turkey,EN.AGR.EMPL,Economically active population in agriculture  (number),"8,596,000","8,785,000","9,083,000","9,241,000","9,446,000","9,711,000","9,843,000","10,125,000","10,495,000","10,898,000","10,734,000","10,777,000","10,606,000","9,652,000","10,454,000","10,406,000","10,372,000","10,079,000","10,180,000","10,276,000","9,539,000","9,574,000","9,613,000","9,279,000","9,172,000","9,028,000","8,942,000","8,746,000","8,626,000"
213,TKM,Turkmenistan,EN.AGR.EMPL,Economically active population in agriculture  (number),,,,,,,,,,,,,"542,000","556,000","568,000","578,000","586,000","590,000","602,000","615,000","627,000","637,000","647,000","656,000","665,000","673,000","681,000","694,000","704,000"
214,UGA,Uganda,EN.AGR.EMPL,Economically active population in agriculture  (number),"4,944,000","5,076,000","5,213,000","5,357,000","5,512,000","5,681,000","5,864,000","6,060,000","6,264,000","6,471,000","6,677,000","6,869,000","7,059,000","7,246,000","7,428,000","7,606,000","7,779,000","7,949,000","8,122,000","8,302,000","8,497,000","8,709,000","8,935,000","9,175,000","9,425,000","9,683,000","9,949,000","10,244,000","10,535,000"
215,UKR,Ukraine,EN.AGR.EMPL,Economically active population in agriculture  (number),,,,,,,,,,,,,"4,750,000","4,586,000","4,432,000","4,257,000","4,167,000","4,072,000","3,977,000","3,382,000","3,294,000","3,204,000","3,094,000","2,982,000","2,886,000","2,832,000","2,730,000","2,648,000","2,569,000"
216,ARE,United Arab Emirates,EN.AGR.EMPL,Economically active population in agriculture  (number),"25,000","29,000","33,000","36,000","40,000","45,000","50,000","55,000","61,000","68,000","75,000","76,000","77,000","78,000","80,000","82,000","84,000","86,000","89,000","91,000","93,000","95,000","97,000","99,000","99,000","99,000","98,000","96,000","94,000"
217,GBR,United Kingdom,EN.AGR.EMPL,Economically active population in agriculture  (number),"715,000","710,000","702,000","693,000","682,000","675,000","666,000","658,000","654,000","649,000","639,000","625,000","606,000","589,000","577,000","566,000","558,000","549,000","539,000","535,000","529,000","519,000","515,000","511,000","505,000","499,000","497,000","490,000","485,000"
218,USA,United States,EN.AGR.EMPL,Economically active population in agriculture  (number),"3,934,000","3,913,000","3,888,000","3,863,000","3,847,000","3,838,000","3,825,000","3,809,000","3,792,000","3,786,000","3,740,000","3,645,000","3,586,000","3,509,000","3,448,000","3,393,000","3,342,000","3,300,000","3,251,000","3,201,000","3,152,000","3,083,000","3,016,000","2,942,000","2,883,000","2,833,000","2,791,000","2,728,000","2,674,000"
219,URY,Uruguay,EN.AGR.EMPL,Economically active population in agriculture  (number),"191,000","191,000","192,000","192,000","192,000","192,000","191,000","190,000","189,000","187,000","185,000","196,000","198,000","195,000","198,000","201,000","200,000","199,000","197,000","197,000","197,000","196,000","195,000","194,000","192,000","191,000","190,000","188,000","188,000"
220,UZB,Uzbekistan,EN.AGR.EMPL,Economically active population in agriculture  (number),,,,,,,,,,,,,"2,563,000","2,552,000","2,527,000","2,522,000","2,532,000","2,562,000","2,582,000","2,604,000","2,624,000","2,640,000","2,651,000","2,661,000","2,680,000","2,696,000","2,710,000","2,738,000","2,745,000"
221,VUT,Vanuatu,EN.AGR.EMPL,Economically active population in agriculture  (number),"27,000","27,000","27,000","28,000","28,000","28,000","29,000","29,000","30,000","30,000","31,000","31,000","31,000","32,000","32,000","33,000","33,000","33,000","33,000","33,000","34,000","34,000","35,000","35,000","36,000","36,000","37,000","38,000","38,000"
222,VEN,Venezuela RB,EN.AGR.EMPL,Economically active population in agriculture  (number),"722,000","742,000","757,000","763,000","781,000","796,000","810,000","824,000","838,000","857,000","870,000","863,000","856,000","852,000","850,000","846,000","841,000","830,000","826,000","823,000","813,000","806,000","803,000","798,000","785,000","774,000","762,000","757,000","747,000"
223,VNM,Vietnam,EN.AGR.EMPL,Economically active population in agriculture  (number),"17,651,000","18,099,000","18,593,000","19,092,000","19,601,000","20,144,000","20,628,000","21,081,000","21,514,000","21,921,000","22,388,000","22,809,000","23,235,000","23,666,000","24,103,000","24,544,000","24,990,000","25,048,000","25,402,000","25,884,000","25,919,000","26,720,000","27,049,000","27,479,000","27,763,000","28,183,000","28,601,000","28,954,000","29,334,000"
224,VIR,Virgin Islands (U.S.),EN.AGR.EMPL,Economically active population in agriculture  (number),"13,000","13,000","13,000","13,000","13,000","13,000","13,000","13,000","13,000","13,000","13,000","13,000","12,000","12,000","12,000","12,000","12,000","12,000","11,000","11,000","11,000","11,000","11,000","11,000","10,000","10,000","10,000","10,000","10,000"
225,WBG,West Bank and Gaza,EN.AGR.EMPL,Economically active population in agriculture  (number),"108,000","109,000","112,000","115,000","117,000","120,000","122,000","125,000","129,000","133,000","132,000","129,000","128,000","122,000","128,000","128,000","127,000","125,000","126,000","128,000","123,000","125,000","127,000","125,000","124,000","123,000","123,000","122,000","122,000"
226,YEM,Yemen Rep.,EN.AGR.EMPL,Economically active population in agriculture  (number),"1,149,000","1,169,000","1,190,000","1,216,000","1,240,000","1,262,000","1,280,000","1,299,000","1,321,000","1,353,000","1,401,000","1,461,000","1,541,000","1,618,000","1,695,000","1,765,000","1,810,000","1,848,000","1,870,000","1,906,000","1,942,000","1,979,000","2,023,000","2,090,000","2,134,000","2,187,000","2,229,000","2,247,000","2,280,000"
227,ZMB,Zambia,EN.AGR.EMPL,Economically active population in agriculture  (number),"1,483,000","1,530,000","1,588,000","1,648,000","1,712,000","1,792,000","1,876,000","1,963,000","2,052,000","2,142,000","2,229,000","2,302,000","2,352,000","2,405,000","2,451,000","2,500,000","2,556,000","2,609,000","2,660,000","2,708,000","2,754,000","2,796,000","2,833,000","2,869,000","2,910,000","2,953,000","3,000,000","3,060,000","3,122,000"
228,ZWE,Zimbabwe,EN.AGR.EMPL,Economically active population in agriculture  (number),"2,000,000","2,069,000","2,145,000","2,226,000","2,310,000","2,397,000","2,485,000","2,573,000","2,675,000","2,774,000","2,868,000","2,951,000","3,022,000","3,088,000","3,150,000","3,204,000","3,255,000","3,300,000","3,285,000","3,253,000","3,259,000","3,252,000","3,235,000","3,208,000","3,180,000","3,155,000","3,132,000","3,112,000","3,107,000"
