"Data Source","World Development Indicators",

"Last Updated Date","2016-07-08",

"Country Name","Country Code","Indicator Name","Indicator Code","1960","1961","1962","1963","1964","1965","1966","1967","1968","1969","1970","1971","1972","1973","1974","1975","1976","1977","1978","1979","1980","1981","1982","1983","1984","1985","1986","1987","1988","1989","1990","1991","1992","1993","1994","1995","1996","1997","1998","1999","2000","2001","2002","2003","2004","2005","2006","2007","2008","2009","2010","2011","2012","2013","2014","2015",
"Aruba","ABW","Access to non-solid fuel (% of population)","EG.NSF.ACCS.ZS","","","","","","","","","","","","","","","","","","","","","","","","","","","","","","","","","","","","","","","","","","","","","","","","","","","","","","","","",
"Andorra","AND","Access to non-solid fuel (% of population)","EG.NSF.ACCS.ZS","","","","","","","","","","","","","","","","","","","","","","","","","","","","","","","100","","","","","","","","","","100","","","","","","","","","","100","","100","","","",
"Afghanistan","AFG","Access to non-solid fuel (% of population)","EG.NSF.ACCS.ZS","","","","","","","","","","","","","","","","","","","","","","","","","","","","","","","4.1117668151855","","","","","","","","","","13.7085556983948","","","","","","","","","","18.6112284660339","","19.480961561203","","","",
"Angola","AGO","Access to non-solid fuel (% of population)","EG.NSF.ACCS.ZS","","","","","","","","","","","","","","","","","","","","","","","","","","","","","","","2.0510911941528","","","","","","","","","","20.932137966156","","","","","","","","","","40.4964327812195","","44.2952215671539","","","",
"Albania","ALB","Access to non-solid fuel (% of population)","EG.NSF.ACCS.ZS","","","","","","","","","","","","","","","","","","","","","","","","","","","","","","","36.1343741416931","","","","","","","","","","50.5779564380646","","","","","","","","","","60.2636188268661","","62.0864123106003","","","",
"Arab World","ARB","Access to non-solid fuel (% of population)","EG.NSF.ACCS.ZS","","","","","","","","","","","","","","","","","","","","","","","","","","","","","","","74.2353631905548","","","","","","","","","","81.5636167069198","","","","","","","","","","86.0225203936597","","86.5805689069773","","","",
"United Arab Emirates","ARE","Access to non-solid fuel (% of population)","EG.NSF.ACCS.ZS","","","","","","","","","","","","","","","","","","","","","","","","","","","","","","","86.4154919981956","","","","","","","","","","96.8056503683329","","","","","","","","","","99.9900000002526","","99.9900000002526","","","",
"Argentina","ARG","Access to non-solid fuel (% of population)","EG.NSF.ACCS.ZS","","","","","","","","","","","","","","","","","","","","","","","","","","","","","","","83.2555338740349","","","","","","","","","","93.1167222559452","","","","","","","","","","98.2236323878169","","99.1223521530628","","","",
"Armenia","ARM","Access to non-solid fuel (% of population)","EG.NSF.ACCS.ZS","","","","","","","","","","","","","","","","","","","","","","","","","","","","","","","7.75492191314699","","","","","","","","","","48.9358246326447","","","","","","","","","","85.3619024157524","","92.5345204770565","","","",
"American Samoa","ASM","Access to non-solid fuel (% of population)","EG.NSF.ACCS.ZS","","","","","","","","","","","","","","","","","","","","","","","","","","","","","","","","","","","","","","","","","","","","","","","","","","","","","","","","",
"Antigua and Barbuda","ATG","Access to non-solid fuel (% of population)","EG.NSF.ACCS.ZS","","","","","","","","","","","","","","","","","","","","","","","","","","","","","","","85.6201723217964","","","","","","","","","","95.1418347656727","","","","","","","","","","99.7754079522565","","99.9811096815392","","","",
"Australia","AUS","Access to non-solid fuel (% of population)","EG.NSF.ACCS.ZS","","","","","","","","","","","","","","","","","","","","","","","","","","","","","","","100","","","","","","","","","","100","","","","","","","","","","100","","100","","","",
"Austria","AUT","Access to non-solid fuel (% of population)","EG.NSF.ACCS.ZS","","","","","","","","","","","","","","","","","","","","","","","","","","","","","","","100","","","","","","","","","","100","","","","","","","","","","100","","100","","","",
"Azerbaijan","AZE","Access to non-solid fuel (% of population)","EG.NSF.ACCS.ZS","","","","","","","","","","","","","","","","","","","","","","","","","","","","","","","54.1060119867325","","","","","","","","","","74.30739402771","","","","","","","","","","89.7647649049759","","92.7438706159592","","","",
"Burundi","BDI","Access to non-solid fuel (% of population)","EG.NSF.ACCS.ZS","","","","","","","","","","","","","","","","","","","","","","","","","","","","","","","1.9999980926514","","","","","","","","","","1.9999980926514","","","","","","","","","","1.9999980926514","","1.9999980926514","","","",
"Belgium","BEL","Access to non-solid fuel (% of population)","EG.NSF.ACCS.ZS","","","","","","","","","","","","","","","","","","","","","","","","","","","","","","","100","","","","","","","","","","100","","","","","","","","","","100","","100","","","",
"Benin","BEN","Access to non-solid fuel (% of population)","EG.NSF.ACCS.ZS","","","","","","","","","","","","","","","","","","","","","","","","","","","","","","","2.0793318748474","","","","","","","","","","6.0150623321533","","","","","","","","","","6.2738299369812","","6.2129259109497","","","",
"Burkina Faso","BFA","Access to non-solid fuel (% of population)","EG.NSF.ACCS.ZS","","","","","","","","","","","","","","","","","","","","","","","","","","","","","","","1.9999980926514","","","","","","","","","","3.5417079925537","","","","","","","","","","5.09974360466","","5.2914917469025","","","",
"Bangladesh","BGD","Access to non-solid fuel (% of population)","EG.NSF.ACCS.ZS","","","","","","","","","","","","","","","","","","","","","","","","","","","","","","","6.7831337451935","","","","","","","","","","11.3015532493591","","","","","","","","","","11.065137386322","","10.905259847641","","","",
"Bulgaria","BGR","Access to non-solid fuel (% of population)","EG.NSF.ACCS.ZS","","","","","","","","","","","","","","","","","","","","","","","","","","","","","","","69.5402443408966","","","","","","","","","","80.8707356452942","","","","","","","","","","87.3269692063332","","88.501912355423","","","",
"Bahrain","BHR","Access to non-solid fuel (% of population)","EG.NSF.ACCS.ZS","","","","","","","","","","","","","","","","","","","","","","","","","","","","","","","100","","","","","","","","","","100","","","","","","","","","","100","","100","","","",
"Bahamas, The","BHS","Access to non-solid fuel (% of population)","EG.NSF.ACCS.ZS","","","","","","","","","","","","","","","","","","","","","","","","","","","","","","","100","","","","","","","","","","100","","","","","","","","","","100","","100","","","",
"Bosnia and Herzegovina","BIH","Access to non-solid fuel (% of population)","EG.NSF.ACCS.ZS","","","","","","","","","","","","","","","","","","","","","","","","","","","","","","","52.4138033390045","","","","","","","","","","50.198695063591","","","","","","","","","","43.2285726070404","","41.722571849823","","","",
"Belarus","BLR","Access to non-solid fuel (% of population)","EG.NSF.ACCS.ZS","","","","","","","","","","","","","","","","","","","","","","","","","","","","","","","82.2353839874268","","","","","","","","","","92.800210416317","","","","","","","","","","98.5999375581741","","99.5253508444875","","","",
"Belize","BLZ","Access to non-solid fuel (% of population)","EG.NSF.ACCS.ZS","","","","","","","","","","","","","","","","","","","","","","","","","","","","","","","73.1664478778839","","","","","","","","","","81.5957978367805","","","","","","","","","","85.2703183889389","","85.8926266431808","","","",
"Bermuda","BMU","Access to non-solid fuel (% of population)","EG.NSF.ACCS.ZS","","","","","","","","","","","","","","","","","","","","","","","","","","","","","","","","","","","","","","","","","","","","","","","","","","","","","","","","",
"Bolivia","BOL","Access to non-solid fuel (% of population)","EG.NSF.ACCS.ZS","","","","","","","","","","","","","","","","","","","","","","","","","","","","","","","50.936433672905","","","","","","","","","","65.0702506303787","","","","","","","","","","74.4492411613464","","76.212440431118","","","",
"Brazil","BRA","Access to non-solid fuel (% of population)","EG.NSF.ACCS.ZS","","","","","","","","","","","","","","","","","","","","","","","","","","","","","","","76.7072647809982","","","","","","","","","","87.3395338654518","","","","","","","","","","93.2157143950462","","94.2783553153276","","","",
"Barbados","BRB","Access to non-solid fuel (% of population)","EG.NSF.ACCS.ZS","","","","","","","","","","","","","","","","","","","","","","","","","","","","","","","94.1441982984543","","","","","","","","","","99.3787868414074","","","","","","","","","","99.8480885638855","","99.8273611301556","","","",
"Brunei Darussalam","BRN","Access to non-solid fuel (% of population)","EG.NSF.ACCS.ZS","","","","","","","","","","","","","","","","","","","","","","","","","","","","","","","100","","","","","","","","","","100","","","","","","","","","","100","","100","","","",
"Bhutan","BTN","Access to non-solid fuel (% of population)","EG.NSF.ACCS.ZS","","","","","","","","","","","","","","","","","","","","","","","","","","","","","","","23.3385384082794","","","","","","","","","","43.8580632209778","","","","","","","","","","59.6182376146317","","62.6563459634781","","","",
"Botswana","BWA","Access to non-solid fuel (% of population)","EG.NSF.ACCS.ZS","","","","","","","","","","","","","","","","","","","","","","","","","","","","","","","36.7195129394531","","","","","","","","","","51.0687649250031","","","","","","","","","","60.6653690338135","","62.4722480773926","","","",
"Central African Republic","CAF","Access to non-solid fuel (% of population)","EG.NSF.ACCS.ZS","","","","","","","","","","","","","","","","","","","","","","","","","","","","","","","1.9999980926514","","","","","","","","","","2.49258279800419","","","","","","","","","","3.1960010528564","","3.2182395458221","","","",
"Canada","CAN","Access to non-solid fuel (% of population)","EG.NSF.ACCS.ZS","","","","","","","","","","","","","","","","","","","","","","","","","","","","","","","100","","","","","","","","","","100","","","","","","","","","","100","","100","","","",
"Central Europe and the Baltics","CEB","Access to non-solid fuel (% of population)","EG.NSF.ACCS.ZS","","","","","","","","","","","","","","","","","","","","","","","","","","","","","","","82.1048974068492","","","","","","","","","","88.9528576358977","","","","","","","","","","92.812879951415","","93.3519374314117","","","",
"Switzerland","CHE","Access to non-solid fuel (% of population)","EG.NSF.ACCS.ZS","","","","","","","","","","","","","","","","","","","","","","","","","","","","","","","100","","","","","","","","","","100","","","","","","","","","","100","","100","","","",
"Channel Islands","CHI","Access to non-solid fuel (% of population)","EG.NSF.ACCS.ZS","","","","","","","","","","","","","","","","","","","","","","","","","","","","","","","","","","","","","","","","","","","","","","","","","","","","","","","","",
"Chile","CHL","Access to non-solid fuel (% of population)","EG.NSF.ACCS.ZS","","","","","","","","","","","","","","","","","","","","","","","","","","","","","","","76.6569808125496","","","","","","","","","","86.7188036441803","","","","","","","","","","92.0168586075306","","92.9616533219814","","","",
"China","CHN","Access to non-solid fuel (% of population)","EG.NSF.ACCS.ZS","","","","","","","","","","","","","","","","","","","","","","","","","","","","","","","35.1781070232391","","","","","","","","","","46.7682540416718","","","","","","","","","","53.6104679107666","","54.8680633306503","","","",
"Cote d'Ivoire","CIV","Access to non-solid fuel (% of population)","EG.NSF.ACCS.ZS","","","","","","","","","","","","","","","","","","","","","","","","","","","","","","","12.4026417732239","","","","","","","","","","18.1021273136139","","","","","","","","","","19.0472900867462","","19.123500585556","","","",
"Cameroon","CMR","Access to non-solid fuel (% of population)","EG.NSF.ACCS.ZS","","","","","","","","","","","","","","","","","","","","","","","","","","","","","","","13.7276947498322","","","","","","","","","","20.100200176239","","","","","","","","","","21.7190086841583","","21.9301104545593","","","",
"Congo, Rep.","COG","Access to non-solid fuel (% of population)","EG.NSF.ACCS.ZS","","","","","","","","","","","","","","","","","","","","","","","","","","","","","","","2.5727152824402","","","","","","","","","","14.700984954834","","","","","","","","","","23.233437538147","","24.8274564743042","","","",
"Colombia","COL","Access to non-solid fuel (% of population)","EG.NSF.ACCS.ZS","","","","","","","","","","","","","","","","","","","","","","","","","","","","","","","72.1716612577438","","","","","","","","","","81.0484379529953","","","","","","","","","","85.1702585816383","","85.8820721507072","","","",
"Comoros","COM","Access to non-solid fuel (% of population)","EG.NSF.ACCS.ZS","","","","","","","","","","","","","","","","","","","","","","","","","","","","","","","12.6058161258698","","","","","","","","","","21.1209416389465","","","","","","","","","","24.8837769031525","","25.5237221717834","","","",
"Cabo Verde","CPV","Access to non-solid fuel (% of population)","EG.NSF.ACCS.ZS","","","","","","","","","","","","","","","","","","","","","","","","","","","","","","","45.8700299263","","","","","","","","","","58.8685095310211","","","","","","","","","","67.1146869659424","","68.65354180336","","","",
"Costa Rica","CRI","Access to non-solid fuel (% of population)","EG.NSF.ACCS.ZS","","","","","","","","","","","","","","","","","","","","","","","","","","","","","","","76.3907566666603","","","","","","","","","","87.1214434504509","","","","","","","","","","93.0973000824451","","94.1798754036427","","","",
"Caribbean small states","CSS","Access to non-solid fuel (% of population)","EG.NSF.ACCS.ZS","","","","","","","","","","","","","","","","","","","","","","","","","","","","","","","73.0573457652189","","","","","","","","","","84.8378081334862","","","","","","","","","","91.7325635801672","","92.7873356019132","","","",
"Cuba","CUB","Access to non-solid fuel (% of population)","EG.NSF.ACCS.ZS","","","","","","","","","","","","","","","","","","","","","","","","","","","","","","","81.5603882074356","","","","","","","","","","89.4370570778847","","","","","","","","","","92.5641663372517","","93.0767178535461","","","",
"Curacao","CUW","Access to non-solid fuel (% of population)","EG.NSF.ACCS.ZS","","","","","","","","","","","","","","","","","","","","","","","","","","","","","","","","","","","","","","","","","","","","","","","","","","","","","","","","",
"Cayman Islands","CYM","Access to non-solid fuel (% of population)","EG.NSF.ACCS.ZS","","","","","","","","","","","","","","","","","","","","","","","","","","","","","","","","","","","","","","","","","","","","","","","","","","","","","","","","",
"Cyprus","CYP","Access to non-solid fuel (% of population)","EG.NSF.ACCS.ZS","","","","","","","","","","","","","","","","","","","","","","","","","","","","","","","100","","","","","","","","","","100","","","","","","","","","","100","","100","","","",
"Czech Republic","CZE","Access to non-solid fuel (% of population)","EG.NSF.ACCS.ZS","","","","","","","","","","","","","","","","","","","","","","","","","","","","","","","83.7267264723778","","","","","","","","","","94.7501353919506","","","","","","","","","","99.9632438732078","","99.9900000002526","","","",
"Germany","DEU","Access to non-solid fuel (% of population)","EG.NSF.ACCS.ZS","","","","","","","","","","","","","","","","","","","","","","","","","","","","","","","100","","","","","","","","","","100","","","","","","","","","","100","","100","","","",
"Djibouti","DJI","Access to non-solid fuel (% of population)","EG.NSF.ACCS.ZS","","","","","","","","","","","","","","","","","","","","","","","","","","","","","","","78.7964344024658","","","","","","","","","","83.9294925332069","","","","","","","","","","84.3108639121056","","84.272138774395","","","",
"Dominica","DMA","Access to non-solid fuel (% of population)","EG.NSF.ACCS.ZS","","","","","","","","","","","","","","","","","","","","","","","","","","","","","","","59.8331123590469","","","","","","","","","","77.9189735651016","","","","","","","","","","91.2486419081688","","93.8065659254789","","","",
"Denmark","DNK","Access to non-solid fuel (% of population)","EG.NSF.ACCS.ZS","","","","","","","","","","","","","","","","","","","","","","","","","","","","","","","100","","","","","","","","","","100","","","","","","","","","","100","","100","","","",
"Dominican Republic","DOM","Access to non-solid fuel (% of population)","EG.NSF.ACCS.ZS","","","","","","","","","","","","","","","","","","","","","","","","","","","","","","","67.8425580263138","","","","","","","","","","80.8047905564308","","","","","","","","","","89.0121944248676","","90.5410788953304","","","",
"Algeria","DZA","Access to non-solid fuel (% of population)","EG.NSF.ACCS.ZS","","","","","","","","","","","","","","","","","","","","","","","","","","","","","","","85.8049973845482","","","","","","","","","","95.6107947975397","","","","","","","","","","99.9632442282746","","99.9900000002526","","","",
"East Asia & Pacific (excluding high income)","EAP","Access to non-solid fuel (% of population)","EG.NSF.ACCS.ZS","","","","","","","","","","","","","","","","","","","","","","","","","","","","","","","31.5675425025969","","","","","","","","","","44.0538835769194","","","","","","","","","","52.1898902262871","","53.6918722481703","","","",
"Early-demographic dividend","EAR","Access to non-solid fuel (% of population)","EG.NSF.ACCS.ZS","","","","","","","","","","","","","","","","","","","","","","","","","","","","","","","33.6739315728892","","","","","","","","","","43.1457736030374","","","","","","","","","","47.9954595206022","","48.8439308915461","","","",
"East Asia & Pacific","EAS","Access to non-solid fuel (% of population)","EG.NSF.ACCS.ZS","","","","","","","","","","","","","","","","","","","","","","","","","","","","","","","38.3626095132221","","","","","","","","","","49.638537828926","","","","","","","","","","56.7951281324122","","58.116491253821","","","",
"Europe & Central Asia (excluding high income)","ECA","Access to non-solid fuel (% of population)","EG.NSF.ACCS.ZS","","","","","","","","","","","","","","","","","","","","","","","","","","","","","","","74.6804077094448","","","","","","","","","","85.5102478420072","","","","","","","","","","91.4871850737947","","92.5773572106141","","","",
"Europe & Central Asia","ECS","Access to non-solid fuel (% of population)","EG.NSF.ACCS.ZS","","","","","","","","","","","","","","","","","","","","","","","","","","","","","","","87.4364404209281","","","","","","","","","","92.9149519151474","","","","","","","","","","95.9461680207162","","96.4495897105426","","","",
"Ecuador","ECU","Access to non-solid fuel (% of population)","EG.NSF.ACCS.ZS","","","","","","","","","","","","","","","","","","","","","","","","","","","","","","","75.0784039497375","","","","","","","","","","87.3169615864754","","","","","","","","","","94.7978422045708","","96.1773566901684","","","",
"Egypt, Arab Rep.","EGY","Access to non-solid fuel (% of population)","EG.NSF.ACCS.ZS","","","","","","","","","","","","","","","","","","","","","","","","","","","","","","","88.3288271725178","","","","","","","","","","97.0850443467498","","","","","","","","","","99.9900000002526","","99.9900000002526","","","",
"Euro area","EMU","Access to non-solid fuel (% of population)","EG.NSF.ACCS.ZS","","","","","","","","","","","","","","","","","","","","","","","","","","","","","","","99.2337927851393","","","","","","","","","","99.6551716524459","","","","","","","","","","99.8687813654058","","99.8928814613353","","","",
"Eritrea","ERI","Access to non-solid fuel (% of population)","EG.NSF.ACCS.ZS","","","","","","","","","","","","","","","","","","","","","","","","","","","","","","","15.6846344470978","","","","","","","","","","27.6249468326569","","","","","","","","","","34.8093330860138","","36.132687330246","","","",
"Spain","ESP","Access to non-solid fuel (% of population)","EG.NSF.ACCS.ZS","","","","","","","","","","","","","","","","","","","","","","","","","","","","","","","100","","","","","","","","","","100","","","","","","","","","","100","","100","","","",
"Estonia","EST","Access to non-solid fuel (% of population)","EG.NSF.ACCS.ZS","","","","","","","","","","","","","","","","","","","","","","","","","","","","","","","72.3635643720627","","","","","","","","","","82.2755664587021","","","","","","","","","","87.4232724308968","","88.3365489542484","","","",
"Ethiopia","ETH","Access to non-solid fuel (% of population)","EG.NSF.ACCS.ZS","","","","","","","","","","","","","","","","","","","","","","","","","","","","","","","4.4899821281433","","","","","","","","","","6.0359239578247","","","","","","","","","","2.7843713760376","","2.1912336349487","","","",
"European Union","EUU","Access to non-solid fuel (% of population)","EG.NSF.ACCS.ZS","","","","","","","","","","","","","","","","","","","","","","","","","","","","","","","95.8538603311878","","","","","","","","","","97.545283822627","","","","","","","","","","98.5104070942058","","98.6320125786336","","","",
"Fragile and conflict affected situations","FCS","Access to non-solid fuel (% of population)","EG.NSF.ACCS.ZS","","","","","","","","","","","","","","","","","","","","","","","","","","","","","","","19.0560983641302","","","","","","","","","","23.6643682742444","","","","","","","","","","26.8969223928055","","27.244313382245","","","",
"Finland","FIN","Access to non-solid fuel (% of population)","EG.NSF.ACCS.ZS","","","","","","","","","","","","","","","","","","","","","","","","","","","","","","","100","","","","","","","","","","100","","","","","","","","","","100","","100","","","",
"Fiji","FJI","Access to non-solid fuel (% of population)","EG.NSF.ACCS.ZS","","","","","","","","","","","","","","","","","","","","","","","","","","","","","","","45.1691091060638","","","","","","","","","","54.4197469949722","","","","","","","","","","58.9015632867813","","59.6845000982285","","","",
"France","FRA","Access to non-solid fuel (% of population)","EG.NSF.ACCS.ZS","","","","","","","","","","","","","","","","","","","","","","","","","","","","","","","100","","","","","","","","","","100","","","","","","","","","","100","","100","","","",
"Faroe Islands","FRO","Access to non-solid fuel (% of population)","EG.NSF.ACCS.ZS","","","","","","","","","","","","","","","","","","","","","","","","","","","","","","","","","","","","","","","","","","","","","","","","","","","","","","","","",
"Micronesia, Fed. Sts.","FSM","Access to non-solid fuel (% of population)","EG.NSF.ACCS.ZS","","","","","","","","","","","","","","","","","","","","","","","","","","","","","","","43.2554662227631","","","","","","","","","","52.7470767498016","","","","","","","","","","57.4752151966095","","58.3090662956238","","","",
"Gabon","GAB","Access to non-solid fuel (% of population)","EG.NSF.ACCS.ZS","","","","","","","","","","","","","","","","","","","","","","","","","","","","","","","45.4295873641968","","","","","","","","","","63.186639547348","","","","","","","","","","76.1927485466003","","78.6813363432884","","","",
"United Kingdom","GBR","Access to non-solid fuel (% of population)","EG.NSF.ACCS.ZS","","","","","","","","","","","","","","","","","","","","","","","","","","","","","","","100","","","","","","","","","","100","","","","","","","","","","100","","100","","","",
"Georgia","GEO","Access to non-solid fuel (% of population)","EG.NSF.ACCS.ZS","","","","","","","","","","","","","","","","","","","","","","","","","","","","","","","44.059157371521","","","","","","","","","","51.1428892612457","","","","","","","","","","53.477555513382","","53.8345515727997","","","",
"Ghana","GHA","Access to non-solid fuel (% of population)","EG.NSF.ACCS.ZS","","","","","","","","","","","","","","","","","","","","","","","","","","","","","","","1.9999980926514","","","","","","","","","","8.4789097309113","","","","","","","","","","15.4912948608398","","16.7811751365662","","","",
"Gibraltar","GIB","Access to non-solid fuel (% of population)","EG.NSF.ACCS.ZS","","","","","","","","","","","","","","","","","","","","","","","","","","","","","","","","","","","","","","","","","","","","","","","","","","","","","","","","",
"Guinea","GIN","Access to non-solid fuel (% of population)","EG.NSF.ACCS.ZS","","","","","","","","","","","","","","","","","","","","","","","","","","","","","","","1.9999980926514","","","","","","","","","","2.0795285701752","","","","","","","","","","2.27952003478999","","2.2182703018188","","","",
"Gambia, The","GMB","Access to non-solid fuel (% of population)","EG.NSF.ACCS.ZS","","","","","","","","","","","","","","","","","","","","","","","","","","","","","","","1.9999980926514","","","","","","","","","","3.88391017913819","","","","","","","","","","4.9220860004425","","5.0157904624939","","","",
"Guinea-Bissau","GNB","Access to non-solid fuel (% of population)","EG.NSF.ACCS.ZS","","","","","","","","","","","","","","","","","","","","","","","","","","","","","","","1.9999980926514","","","","","","","","","","2.2840797901154","","","","","","","","","","1.9999980926514","","1.9999980926514","","","",
"Equatorial Guinea","GNQ","Access to non-solid fuel (% of population)","EG.NSF.ACCS.ZS","","","","","","","","","","","","","","","","","","","","","","","","","","","","","","","28.4264922142029","","","","","","","","","","43.1733191013336","","","","","","","","","","53.1787216663361","","55.0639092922211","","","",
"Greece","GRC","Access to non-solid fuel (% of population)","EG.NSF.ACCS.ZS","","","","","","","","","","","","","","","","","","","","","","","","","","","","","","","100","","","","","","","","","","100","","","","","","","","","","100","","100","","","",
"Grenada","GRD","Access to non-solid fuel (% of population)","EG.NSF.ACCS.ZS","","","","","","","","","","","","","","","","","","","","","","","","","","","","","","","72.2324758768082","","","","","","","","","","88.6945568025112","","","","","","","","","","99.6046356391162","","99.978872963402","","","",
"Greenland","GRL","Access to non-solid fuel (% of population)","EG.NSF.ACCS.ZS","","","","","","","","","","","","","","","","","","","","","","","","","","","","","","","","","","","","","","","","","","","","","","","","","","","","","","","","",
"Guatemala","GTM","Access to non-solid fuel (% of population)","EG.NSF.ACCS.ZS","","","","","","","","","","","","","","","","","","","","","","","","","","","","","","","37.6986384391785","","","","","","","","","","39.8710370063782","","","","","","","","","","37.2891902923584","","36.6595566272736","","","",
"Guam","GUM","Access to non-solid fuel (% of population)","EG.NSF.ACCS.ZS","","","","","","","","","","","","","","","","","","","","","","","","","","","","","","","","","","","","","","","","","","","","","","","","","","","","","","","","",
"Guyana","GUY","Access to non-solid fuel (% of population)","EG.NSF.ACCS.ZS","","","","","","","","","","","","","","","","","","","","","","","","","","","","","","","74.3858337402344","","","","","","","","","","85.6637746095657","","","","","","","","","","92.1902790665627","","93.3824442327023","","","",
"High income","HIC","Access to non-solid fuel (% of population)","EG.NSF.ACCS.ZS","","","","","","","","","","","","","","","","","","","","","","","","","","","","","","","97.7519657348379","","","","","","","","","","99.3468407775348","","","","","","","","","","99.6830812826592","","99.7229642407172","","","",
"Hong Kong SAR, China","HKG","Access to non-solid fuel (% of population)","EG.NSF.ACCS.ZS","","","","","","","","","","","","","","","","","","","","","","","","","","","","","","","","","","","","","","","","","","","","","","","","","","","","","","","","",
"Honduras","HND","Access to non-solid fuel (% of population)","EG.NSF.ACCS.ZS","","","","","","","","","","","","","","","","","","","","","","","","","","","","","","","33.5066437721252","","","","","","","","","","43.2768106460571","","","","","","","","","","48.2957661151886","","49.1856217384338","","","",
"Heavily indebted poor countries (HIPC)","HPC","Access to non-solid fuel (% of population)","EG.NSF.ACCS.ZS","","","","","","","","","","","","","","","","","","","","","","","","","","","","","","","5.93217127131239","","","","","","","","","","9.02681642144711","","","","","","","","","","10.7611073613701","","11.0298616178445","","","",
"Croatia","HRV","Access to non-solid fuel (% of population)","EG.NSF.ACCS.ZS","","","","","","","","","","","","","","","","","","","","","","","","","","","","","","","73.9396423101425","","","","","","","","","","84.6732765436172","","","","","","","","","","90.5999585986137","","91.6524484753609","","","",
"Haiti","HTI","Access to non-solid fuel (% of population)","EG.NSF.ACCS.ZS","","","","","","","","","","","","","","","","","","","","","","","","","","","","","","","2.5182247161865","","","","","","","","","","7.6441884040833","","","","","","","","","","8.3688616752625","","8.4017515182495","","","",
"Hungary","HUN","Access to non-solid fuel (% of population)","EG.NSF.ACCS.ZS","","","","","","","","","","","","","","","","","","","","","","","","","","","","","","","69.5402443408966","","","","","","","","","","80.8707356452942","","","","","","","","","","87.3269692063332","","88.501912355423","","","",
"IBRD only","IBD","Access to non-solid fuel (% of population)","EG.NSF.ACCS.ZS","","","","","","","","","","","","","","","","","","","","","","","","","","","","","","","44.4790591824559","","","","","","","","","","54.7675860762063","","","","","","","","","","60.4071673196858","","61.4299053294248","","","",
"IDA & IBRD total","IBT","Access to non-solid fuel (% of population)","EG.NSF.ACCS.ZS","","","","","","","","","","","","","","","","","","","","","","","","","","","","","","","37.38713599407","","","","","","","","","","46.2557421664333","","","","","","","","","","50.5925940711982","","51.3227162450527","","","",
"IDA total","IDA","Access to non-solid fuel (% of population)","EG.NSF.ACCS.ZS","","","","","","","","","","","","","","","","","","","","","","","","","","","","","","","11.2164741871699","","","","","","","","","","18.0243178656643","","","","","","","","","","21.6201864480204","","22.2294761245134","","","",
"IDA blend","IDB","Access to non-solid fuel (% of population)","EG.NSF.ACCS.ZS","","","","","","","","","","","","","","","","","","","","","","","","","","","","","","","16.9399904348883","","","","","","","","","","29.5615508063871","","","","","","","","","","37.8301479052338","","39.3107711867898","","","",
"Indonesia","IDN","Access to non-solid fuel (% of population)","EG.NSF.ACCS.ZS","","","","","","","","","","","","","","","","","","","","","","","","","","","","","","","23.0359196662903","","","","","","","","","","42.1416342258453","","","","","","","","","","56.4925253391266","","59.2501044273376","","","",
"IDA only","IDX","Access to non-solid fuel (% of population)","EG.NSF.ACCS.ZS","","","","","","","","","","","","","","","","","","","","","","","","","","","","","","","7.68884827725365","","","","","","","","","","11.2243659144753","","","","","","","","","","12.4711847720081","","12.6439857943394","","","",
"Isle of Man","IMN","Access to non-solid fuel (% of population)","EG.NSF.ACCS.ZS","","","","","","","","","","","","","","","","","","","","","","","","","","","","","","","","","","","","","","","","","","","","","","","","","","","","","","","","",
"India","IND","Access to non-solid fuel (% of population)","EG.NSF.ACCS.ZS","","","","","","","","","","","","","","","","","","","","","","","","","","","","","","","21.8663990497589","","","","","","","","","","30.9356153011322","","","","","","","","","","35.2500021457672","","36.0002815723419","","","",
"Not classified","INX","Access to non-solid fuel (% of population)","EG.NSF.ACCS.ZS","","","","","","","","","","","","","","","","","","","","","","","","","","","","","","","","","","","","","","","","","","","","","","","","","","","","","","","","",
"Ireland","IRL","Access to non-solid fuel (% of population)","EG.NSF.ACCS.ZS","","","","","","","","","","","","","","","","","","","","","","","","","","","","","","","100","","","","","","","","","","100","","","","","","","","","","100","","100","","","",
"Iran, Islamic Rep.","IRN","Access to non-solid fuel (% of population)","EG.NSF.ACCS.ZS","","","","","","","","","","","","","","","","","","","","","","","","","","","","","","","87.6757055521011","","","","","","","","","","96.2408091872931","","","","","","","","","","99.8802173766308","","99.9869473933359","","","",
"Iraq","IRQ","Access to non-solid fuel (% of population)","EG.NSF.ACCS.ZS","","","","","","","","","","","","","","","","","","","","","","","","","","","","","","","86.7793321609497","","","","","","","","","","94.9311271309853","","","","","","","","","","98.3301904052496","","98.8975233398378","","","",
"Iceland","ISL","Access to non-solid fuel (% of population)","EG.NSF.ACCS.ZS","","","","","","","","","","","","","","","","","","","","","","","","","","","","","","","100","","","","","","","","","","100","","","","","","","","","","100","","100","","","",
"Israel","ISR","Access to non-solid fuel (% of population)","EG.NSF.ACCS.ZS","","","","","","","","","","","","","","","","","","","","","","","","","","","","","","","100","","","","","","","","","","100","","","","","","","","","","100","","100","","","",
"Italy","ITA","Access to non-solid fuel (% of population)","EG.NSF.ACCS.ZS","","","","","","","","","","","","","","","","","","","","","","","","","","","","","","","100","","","","","","","","","","100","","","","","","","","","","100","","100","","","",
"Jamaica","JAM","Access to non-solid fuel (% of population)","EG.NSF.ACCS.ZS","","","","","","","","","","","","","","","","","","","","","","","","","","","","","","","61.8100583553314","","","","","","","","","","76.1908352375031","","","","","","","","","","85.8151227235794","","87.6272194087505","","","",
"Jordan","JOR","Access to non-solid fuel (% of population)","EG.NSF.ACCS.ZS","","","","","","","","","","","","","","","","","","","","","","","","","","","","","","","88.0693882703781","","","","","","","","","","96.5805418789387","","","","","","","","","","99.9591311701806","","99.9900000002526","","","",
"Japan","JPN","Access to non-solid fuel (% of population)","EG.NSF.ACCS.ZS","","","","","","","","","","","","","","","","","","","","","","","","","","","","","","","100","","","","","","","","","","100","","","","","","","","","","100","","100","","","",
"Kazakhstan","KAZ","Access to non-solid fuel (% of population)","EG.NSF.ACCS.ZS","","","","","","","","","","","","","","","","","","","","","","","","","","","","","","","72.3460167646408","","","","","","","","","","83.0519303679466","","","","","","","","","","89.0058755874634","","90.0819480419159","","","",
"Kenya","KEN","Access to non-solid fuel (% of population)","EG.NSF.ACCS.ZS","","","","","","","","","","","","","","","","","","","","","","","","","","","","","","","18.6790227890015","","","","","","","","","","20.1843559741974","","","","","","","","","","16.9348657131195","","16.1723673343658","","","",
"Kyrgyz Republic","KGZ","Access to non-solid fuel (% of population)","EG.NSF.ACCS.ZS","","","","","","","","","","","","","","","","","","","","","","","","","","","","","","","47.5535333156586","","","","","","","","","","61.8542402982712","","","","","","","","","","71.3841050863266","","73.1751143932343","","","",
"Cambodia","KHM","Access to non-solid fuel (% of population)","EG.NSF.ACCS.ZS","","","","","","","","","","","","","","","","","","","","","","","","","","","","","","","1.9999980926514","","","","","","","","","","5.7280600070953","","","","","","","","","","10.5818510055542","","11.4402174949646","","","",
"Kiribati","KIR","Access to non-solid fuel (% of population)","EG.NSF.ACCS.ZS","","","","","","","","","","","","","","","","","","","","","","","","","","","","","","","33.9898705482483","","","","","","","","","","45.668625831604","","","","","","","","","","52.8722941875458","","54.1722923517227","","","",
"St. Kitts and Nevis","KNA","Access to non-solid fuel (% of population)","EG.NSF.ACCS.ZS","","","","","","","","","","","","","","","","","","","","","","","","","","","","","","","100","","","","","","","","","","100","","","","","","","","","","100","","100","","","",
"Korea, Rep.","KOR","Access to non-solid fuel (% of population)","EG.NSF.ACCS.ZS","","","","","","","","","","","","","","","","","","","","","","","","","","","","","","","80.8491379022598","","","","","","","","","","99.9900000002526","","","","","","","","","","99.9900000002526","","99.9900000002526","","","",
"Kosovo","KSV","Access to non-solid fuel (% of population)","EG.NSF.ACCS.ZS","","","","","","","","","","","","","","","","","","","","","","","","","","","","","","","","","","","","","","","","","","","","","","","","","","","","","","","","",
"Kuwait","KWT","Access to non-solid fuel (% of population)","EG.NSF.ACCS.ZS","","","","","","","","","","","","","","","","","","","","","","","","","","","","","","","100","","","","","","","","","","100","","","","","","","","","","100","","100","","","",
"Latin America & Caribbean (excluding high income)","LAC","Access to non-solid fuel (% of population)","EG.NSF.ACCS.ZS","","","","","","","","","","","","","","","","","","","","","","","","","","","","","","","69.8561945171653","","","","","","","","","","79.1061913116898","","","","","","","","","","83.5256102072973","","84.2714009888584","","","",
"Lao PDR","LAO","Access to non-solid fuel (% of population)","EG.NSF.ACCS.ZS","","","","","","","","","","","","","","","","","","","","","","","","","","","","","","","2.79693603515619","","","","","","","","","","5.2281320095062","","","","","","","","","","2.9321253299713","","2.3903250694275","","","",
"Lebanon","LBN","Access to non-solid fuel (% of population)","EG.NSF.ACCS.ZS","","","","","","","","","","","","","","","","","","","","","","","","","","","","","","","93.3104611933231","","","","","","","","","","99.9875434528803","","","","","","","","","","99.9900000002526","","99.9900000002526","","","",
"Liberia","LBR","Access to non-solid fuel (% of population)","EG.NSF.ACCS.ZS","","","","","","","","","","","","","","","","","","","","","","","","","","","","","","","1.9999980926514","","","","","","","","","","1.9999980926514","","","","","","","","","","1.9999980926514","","1.9999980926514","","","",
"Libya","LBY","Access to non-solid fuel (% of population)","EG.NSF.ACCS.ZS","","","","","","","","","","","","","","","","","","","","","","","","","","","","","","","90.2602672576904","","","","","","","","","","98.7678654491901","","","","","","","","","","99.9900000002526","","99.9900000002526","","","",
"St. Lucia","LCA","Access to non-solid fuel (% of population)","EG.NSF.ACCS.ZS","","","","","","","","","","","","","","","","","","","","","","","","","","","","","","","64.531272649765","","","","","","","","","","82.9091668128967","","","","","","","","","","96.5190690010786","","98.8208912312984","","","",
"Latin America & Caribbean","LCN","Access to non-solid fuel (% of population)","EG.NSF.ACCS.ZS","","","","","","","","","","","","","","","","","","","","","","","","","","","","","","","71.2785927372294","","","","","","","","","","80.5053938674033","","","","","","","","","","84.9317394269464","","85.6837135285073","","","",
"Least developed countries: UN classification","LDC","Access to non-solid fuel (% of population)","EG.NSF.ACCS.ZS","","","","","","","","","","","","","","","","","","","","","","","","","","","","","","","6.12721431551013","","","","","","","","","","9.6390743326841","","","","","","","","","","11.2398656535584","","11.4957377112989","","","",
"Low income","LIC","Access to non-solid fuel (% of population)","EG.NSF.ACCS.ZS","","","","","","","","","","","","","","","","","","","","","","","","","","","","","","","5.54787469483016","","","","","","","","","","7.30718024436816","","","","","","","","","","7.11831399274707","","7.05480148809486","","","",
"Liechtenstein","LIE","Access to non-solid fuel (% of population)","EG.NSF.ACCS.ZS","","","","","","","","","","","","","","","","","","","","","","","","","","","","","","","","","","","","","","","","","","","","","","","","","","","","","","","","",
"Sri Lanka","LKA","Access to non-solid fuel (% of population)","EG.NSF.ACCS.ZS","","","","","","","","","","","","","","","","","","","","","","","","","","","","","","","12.0297372341156","","","","","","","","","","20.9909319877625","","","","","","","","","","25.1981139183044","","25.9282052516937","","","",
"Lower middle income","LMC","Access to non-solid fuel (% of population)","EG.NSF.ACCS.ZS","","","","","","","","","","","","","","","","","","","","","","","","","","","","","","","25.1761068083521","","","","","","","","","","34.8365798832929","","","","","","","","","","40.2371178243397","","41.1821541935319","","","",
"Low & middle income","LMY","Access to non-solid fuel (% of population)","EG.NSF.ACCS.ZS","","","","","","","","","","","","","","","","","","","","","","","","","","","","","","","36.1952062892633","","","","","","","","","","45.2022541572439","","","","","","","","","","49.6243674605992","","50.3696060465162","","","",
"Lesotho","LSO","Access to non-solid fuel (% of population)","EG.NSF.ACCS.ZS","","","","","","","","","","","","","","","","","","","","","","","","","","","","","","","35.5220973491669","","","","","","","","","","39.3033146858215","","","","","","","","","","38.3297085762024","","38.0223870277405","","","",
"Late-demographic dividend","LTE","Access to non-solid fuel (% of population)","EG.NSF.ACCS.ZS","","","","","","","","","","","","","","","","","","","","","","","","","","","","","","","46.0760340373414","","","","","","","","","","57.4157452132608","","","","","","","","","","64.767856933711","","66.1370759702878","","","",
"Lithuania","LTU","Access to non-solid fuel (% of population)","EG.NSF.ACCS.ZS","","","","","","","","","","","","","","","","","","","","","","","","","","","","","","","100","","","","","","","","","","100","","","","","","","","","","100","","100","","","",
"Luxembourg","LUX","Access to non-solid fuel (% of population)","EG.NSF.ACCS.ZS","","","","","","","","","","","","","","","","","","","","","","","","","","","","","","","100","","","","","","","","","","100","","","","","","","","","","100","","100","","","",
"Latvia","LVA","Access to non-solid fuel (% of population)","EG.NSF.ACCS.ZS","","","","","","","","","","","","","","","","","","","","","","","","","","","","","","","77.8498142957687","","","","","","","","","","87.9656456410885","","","","","","","","","","93.3055229485035","","94.2632745951414","","","",
"Macao SAR, China","MAC","Access to non-solid fuel (% of population)","EG.NSF.ACCS.ZS","","","","","","","","","","","","","","","","","","","","","","","","","","","","","","","","","","","","","","","","","","","","","","","","","","","","","","","","",
"St. Martin (French part)","MAF","Access to non-solid fuel (% of population)","EG.NSF.ACCS.ZS","","","","","","","","","","","","","","","","","","","","","","","","","","","","","","","","","","","","","","","","","","","","","","","","","","","","","","","","",
"Morocco","MAR","Access to non-solid fuel (% of population)","EG.NSF.ACCS.ZS","","","","","","","","","","","","","","","","","","","","","","","","","","","","","","","81.2988042831421","","","","","","","","","","91.1268979310989","","","","","","","","","","96.2004695087671","","97.1031786873937","","","",
"Monaco","MCO","Access to non-solid fuel (% of population)","EG.NSF.ACCS.ZS","","","","","","","","","","","","","","","","","","","","","","","","","","","","","","","100","","","","","","","","","","100","","","","","","","","","","100","","100","","","",
"Moldova","MDA","Access to non-solid fuel (% of population)","EG.NSF.ACCS.ZS","","","","","","","","","","","","","","","","","","","","","","","","","","","","","","","72.8800714015961","","","","","","","","","","83.9336588978767","","","","","","","","","","90.2432650327683","","91.3957677781582","","","",
"Madagascar","MDG","Access to non-solid fuel (% of population)","EG.NSF.ACCS.ZS","","","","","","","","","","","","","","","","","","","","","","","","","","","","","","","1.9999980926514","","","","","","","","","","1.9999980926514","","","","","","","","","","1.9999980926514","","1.9999980926514","","","",
"Maldives","MDV","Access to non-solid fuel (% of population)","EG.NSF.ACCS.ZS","","","","","","","","","","","","","","","","","","","","","","","","","","","","","","","42.2779440879822","","","","","","","","","","67.6986247301102","","","","","","","","","","88.3678108453751","","92.3857904970646","","","",
"Middle East & North Africa","MEA","Access to non-solid fuel (% of population)","EG.NSF.ACCS.ZS","","","","","","","","","","","","","","","","","","","","","","","","","","","","","","","85.815160175803","","","","","","","","","","94.1303398318813","","","","","","","","","","97.4292125812606","","97.6170414213939","","","",
"Mexico","MEX","Access to non-solid fuel (% of population)","EG.NSF.ACCS.ZS","","","","","","","","","","","","","","","","","","","","","","","","","","","","","","","75.7283195853233","","","","","","","","","","82.5207605957985","","","","","","","","","","84.5583751797676","","84.8533004522324","","","",
"Marshall Islands","MHL","Access to non-solid fuel (% of population)","EG.NSF.ACCS.ZS","","","","","","","","","","","","","","","","","","","","","","","","","","","","","","","74.465137720108","","","","","","","","","","74.0944743156433","","","","","","","","","","68.966943025589","","67.8285151720047","","","",
"Middle income","MIC","Access to non-solid fuel (% of population)","EG.NSF.ACCS.ZS","","","","","","","","","","","","","","","","","","","","","","","","","","","","","","","38.708816603536","","","","","","","","","","48.7112911669649","","","","","","","","","","54.2072986777343","","55.1899054403627","","","",
"Macedonia, FYR","MKD","Access to non-solid fuel (% of population)","EG.NSF.ACCS.ZS","","","","","","","","","","","","","","","","","","","","","","","","","","","","","","","52.620667219162","","","","","","","","","","61.6920411586761","","","","","","","","","","66.0390883684158","","66.798409819603","","","",
"Mali","MLI","Access to non-solid fuel (% of population)","EG.NSF.ACCS.ZS","","","","","","","","","","","","","","","","","","","","","","","","","","","","","","","1.9999980926514","","","","","","","","","","2.3368239402771","","","","","","","","","","1.9999980926514","","1.9999980926514","","","",
"Malta","MLT","Access to non-solid fuel (% of population)","EG.NSF.ACCS.ZS","","","","","","","","","","","","","","","","","","","","","","","","","","","","","","","100","","","","","","","","","","100","","","","","","","","","","100","","100","","","",
"Myanmar","MMR","Access to non-solid fuel (% of population)","EG.NSF.ACCS.ZS","","","","","","","","","","","","","","","","","","","","","","","","","","","","","","","1.9999980926514","","","","","","","","","","4.8123717308044","","","","","","","","","","7.0036709308624","","7.3225796222687","","","",
"Middle East & North Africa (excluding high income)","MNA","Access to non-solid fuel (% of population)","EG.NSF.ACCS.ZS","","","","","","","","","","","","","","","","","","","","","","","","","","","","","","","84.7445559829572","","","","","","","","","","93.4751273359754","","","","","","","","","","97.0112981998704","","97.2179619283205","","","",
"Montenegro","MNE","Access to non-solid fuel (% of population)","EG.NSF.ACCS.ZS","","","","","","","","","","","","","","","","","","","","","","","","","","","","","","","59.8775625228882","","","","","","","","","","63.4223610162735","","","","","","","","","","62.1979922056198","","61.8451833724976","","","",
"Mongolia","MNG","Access to non-solid fuel (% of population)","EG.NSF.ACCS.ZS","","","","","","","","","","","","","","","","","","","","","","","","","","","","","","","14.9891793727875","","","","","","","","","","27.4566531181335","","","","","","","","","","35.1776778697968","","36.6106808185577","","","",
"Northern Mariana Islands","MNP","Access to non-solid fuel (% of population)","EG.NSF.ACCS.ZS","","","","","","","","","","","","","","","","","","","","","","","","","","","","","","","","","","","","","","","","","","","","","","","","","","","","","","","","",
"Mozambique","MOZ","Access to non-solid fuel (% of population)","EG.NSF.ACCS.ZS","","","","","","","","","","","","","","","","","","","","","","","","","","","","","","","1.9999980926514","","","","","","","","","","2.3350358009338","","","","","","","","","","3.6460220813751","","3.797435760498","","","",
"Mauritania","MRT","Access to non-solid fuel (% of population)","EG.NSF.ACCS.ZS","","","","","","","","","","","","","","","","","","","","","","","","","","","","","","","18.4846997261047","","","","","","","","","","31.8402409553528","","","","","","","","","","40.440958738327","","42.0485079288483","","","",
"Mauritius","MUS","Access to non-solid fuel (% of population)","EG.NSF.ACCS.ZS","","","","","","","","","","","","","","","","","","","","","","","","","","","","","","","82.5869649648666","","","","","","","","","","92.8287051618099","","","","","","","","","","98.3128970488906","","99.2586273234338","","","",
"Malawi","MWI","Access to non-solid fuel (% of population)","EG.NSF.ACCS.ZS","","","","","","","","","","","","","","","","","","","","","","","","","","","","","","","1.9999980926514","","","","","","","","","","2.0139575004578","","","","","","","","","","2.9438257217407","","3.0865073204041","","","",
"Malaysia","MYS","Access to non-solid fuel (% of population)","EG.NSF.ACCS.ZS","","","","","","","","","","","","","","","","","","","","","","","","","","","","","","","81.6909968852997","","","","","","","","","","93.6086654663086","","","","","","","","","","99.9161311367061","","99.9900000002526","","","",
"North America","NAC","Access to non-solid fuel (% of population)","EG.NSF.ACCS.ZS","","","","","","","","","","","","","","","","","","","","","","","","","","","","","","","100","","","","","","","","","","100","","","","","","","","","","100","","100","","","",
"Namibia","NAM","Access to non-solid fuel (% of population)","EG.NSF.ACCS.ZS","","","","","","","","","","","","","","","","","","","","","","","","","","","","","","","25.9839653968811","","","","","","","","","","37.2740805149078","","","","","","","","","","43.8116192817688","","45.0077176094055","","","",
"New Caledonia","NCL","Access to non-solid fuel (% of population)","EG.NSF.ACCS.ZS","","","","","","","","","","","","","","","","","","","","","","","","","","","","","","","","","","","","","","","","","","","","","","","","","","","","","","","","",
"Niger","NER","Access to non-solid fuel (% of population)","EG.NSF.ACCS.ZS","","","","","","","","","","","","","","","","","","","","","","","","","","","","","","","1.9999980926514","","","","","","","","","","2.1491765975952","","","","","","","","","","3.0900120735168","","3.1800270080566","","","",
"Nigeria","NGA","Access to non-solid fuel (% of population)","EG.NSF.ACCS.ZS","","","","","","","","","","","","","","","","","","","","","","","","","","","","","","","22.8519260883331","","","","","","","","","","26.403421163559","","","","","","","","","","25.200080871582","","24.8468220233917","","","",
"Nicaragua","NIC","Access to non-solid fuel (% of population)","EG.NSF.ACCS.ZS","","","","","","","","","","","","","","","","","","","","","","","","","","","","","","","23.6987113952637","","","","","","","","","","36.5738987922668","","","","","","","","","","44.6938991546631","","46.2053954601288","","","",
"Netherlands","NLD","Access to non-solid fuel (% of population)","EG.NSF.ACCS.ZS","","","","","","","","","","","","","","","","","","","","","","","","","","","","","","","100","","","","","","","","","","100","","","","","","","","","","100","","100","","","",
"Norway","NOR","Access to non-solid fuel (% of population)","EG.NSF.ACCS.ZS","","","","","","","","","","","","","","","","","","","","","","","","","","","","","","","100","","","","","","","","","","100","","","","","","","","","","100","","100","","","",
"Nepal","NPL","Access to non-solid fuel (% of population)","EG.NSF.ACCS.ZS","","","","","","","","","","","","","","","","","","","","","","","","","","","","","","","22.2401261329651","","","","","","","","","","24.0719079971313","","","","","","","","","","21.1488664150238","","20.4516589641571","","","",
"Nauru","NRU","Access to non-solid fuel (% of population)","EG.NSF.ACCS.ZS","","","","","","","","","","","","","","","","","","","","","","","","","","","","","","","","","","","","","","","","","","","","","","","","","","","","","","","","",
"New Zealand","NZL","Access to non-solid fuel (% of population)","EG.NSF.ACCS.ZS","","","","","","","","","","","","","","","","","","","","","","","","","","","","","","","100","","","","","","","","","","100","","","","","","","","","","100","","100","","","",
"OECD members","OED","Access to non-solid fuel (% of population)","EG.NSF.ACCS.ZS","","","","","","","","","","","","","","","","","","","","","","","","","","","","","","","95.3439754945952","","","","","","","","","","97.416927361924","","","","","","","","","","97.9916691901813","","98.0725465866026","","","",
"Oman","OMN","Access to non-solid fuel (% of population)","EG.NSF.ACCS.ZS","","","","","","","","","","","","","","","","","","","","","","","","","","","","","","","100","","","","","","","","","","100","","","","","","","","","","100","","100","","","",
"Other small states","OSS","Access to non-solid fuel (% of population)","EG.NSF.ACCS.ZS","","","","","","","","","","","","","","","","","","","","","","","","","","","","","","","46.9578376038272","","","","","","","","","","53.6681187745225","","","","","","","","","","59.0705448639436","","59.6929480336295","","","",
"Pakistan","PAK","Access to non-solid fuel (% of population)","EG.NSF.ACCS.ZS","","","","","","","","","","","","","","","","","","","","","","","","","","","","","","","6.8426907062531","","","","","","","","","","24.9965369701385","","","","","","","","","","38.3955538272858","","40.9627616405487","","","",
"Panama","PAN","Access to non-solid fuel (% of population)","EG.NSF.ACCS.ZS","","","","","","","","","","","","","","","","","","","","","","","","","","","","","","","72.5031703710556","","","","","","","","","","80.8640316128731","","","","","","","","","","84.4700649380684","","85.0786760449409","","","",
"Peru","PER","Access to non-solid fuel (% of population)","EG.NSF.ACCS.ZS","","","","","","","","","","","","","","","","","","","","","","","","","","","","","","","38.3094310760498","","","","","","","","","","53.1262218952179","","","","","","","","","","63.1881833076477","","65.0879800319672","","","",
"Philippines","PHL","Access to non-solid fuel (% of population)","EG.NSF.ACCS.ZS","","","","","","","","","","","","","","","","","","","","","","","","","","","","","","","42.3049330711365","","","","","","","","","","46.5750634670258","","","","","","","","","","46.0897982120514","","45.8797633647919","","","",
"Palau","PLW","Access to non-solid fuel (% of population)","EG.NSF.ACCS.ZS","","","","","","","","","","","","","","","","","","","","","","","","","","","","","","","92.3447631299496","","","","","","","","","","97.7234791964293","","","","","","","","","","98.3501078560948","","98.3598586171865","","","",
"Papua New Guinea","PNG","Access to non-solid fuel (% of population)","EG.NSF.ACCS.ZS","","","","","","","","","","","","","","","","","","","","","","","","","","","","","","","3.6313533782959","","","","","","","","","","18.7720537185669","","","","","","","","","","29.6698749065399","","31.740003824234","","","",
"Poland","POL","Access to non-solid fuel (% of population)","EG.NSF.ACCS.ZS","","","","","","","","","","","","","","","","","","","","","","","","","","","","","","","100","","","","","","","","","","100","","","","","","","","","","100","","100","","","",
"Pre-demographic dividend","PRE","Access to non-solid fuel (% of population)","EG.NSF.ACCS.ZS","","","","","","","","","","","","","","","","","","","","","","","","","","","","","","","12.8742675310184","","","","","","","","","","16.3686916348155","","","","","","","","","","18.0314223176917","","18.316490535313","","","",
"Puerto Rico","PRI","Access to non-solid fuel (% of population)","EG.NSF.ACCS.ZS","","","","","","","","","","","","","","","","","","","","","","","","","","","","","","","","","","","","","","","","","","","","","","","","","","","","","","","","",
"Korea, Dem. People’s Rep.","PRK","Access to non-solid fuel (% of population)","EG.NSF.ACCS.ZS","","","","","","","","","","","","","","","","","","","","","","","","","","","","","","","1.9999980926514","","","","","","","","","","5.6374967098236","","","","","","","","","","7.6662838459015","","7.95329809188841","","","",
"Portugal","PRT","Access to non-solid fuel (% of population)","EG.NSF.ACCS.ZS","","","","","","","","","","","","","","","","","","","","","","","","","","","","","","","100","","","","","","","","","","100","","","","","","","","","","100","","100","","","",
"Paraguay","PRY","Access to non-solid fuel (% of population)","EG.NSF.ACCS.ZS","","","","","","","","","","","","","","","","","","","","","","","","","","","","","","","35.3626608848572","","","","","","","","","","48.0934202671051","","","","","","","","","","56.0693502426147","","57.5519412755966","","","",
"Pacific island small states","PSS","Access to non-solid fuel (% of population)","EG.NSF.ACCS.ZS","","","","","","","","","","","","","","","","","","","","","","","","","","","","","","","34.7495885266202","","","","","","","","","","40.5958130600942","","","","","","","","","","40.7758941652321","","40.7204732264151","","","",
"Post-demographic dividend","PST","Access to non-solid fuel (% of population)","EG.NSF.ACCS.ZS","","","","","","","","","","","","","","","","","","","","","","","","","","","","","","","96.5474964542939","","","","","","","","","","98.678714179128","","","","","","","","","","99.2423884829493","","99.3204323472436","","","",
"French Polynesia","PYF","Access to non-solid fuel (% of population)","EG.NSF.ACCS.ZS","","","","","","","","","","","","","","","","","","","","","","","","","","","","","","","","","","","","","","","","","","","","","","","","","","","","","","","","",
"Qatar","QAT","Access to non-solid fuel (% of population)","EG.NSF.ACCS.ZS","","","","","","","","","","","","","","","","","","","","","","","","","","","","","","","89.6513745188713","","","","","","","","","","97.8574577718973","","","","","","","","","","99.9900000002526","","99.9900000002526","","","",
"Romania","ROU","Access to non-solid fuel (% of population)","EG.NSF.ACCS.ZS","","","","","","","","","","","","","","","","","","","","","","","","","","","","","","","62.5528067350388","","","","","","","","","","72.6600050926208","","","","","","","","","","78.0265748500824","","79.002845287323","","","",
"Russian Federation","RUS","Access to non-solid fuel (% of population)","EG.NSF.ACCS.ZS","","","","","","","","","","","","","","","","","","","","","","","","","","","","","","","82.3787182569504","","","","","","","","","","92.72196367383","","","","","","","","","","98.3073581010103","","99.2709796410054","","","",
"Rwanda","RWA","Access to non-solid fuel (% of population)","EG.NSF.ACCS.ZS","","","","","","","","","","","","","","","","","","","","","","","","","","","","","","","1.9999980926514","","","","","","","","","","1.9999980926514","","","","","","","","","","1.9999980926514","","1.9999980926514","","","",
"South Asia","SAS","Access to non-solid fuel (% of population)","EG.NSF.ACCS.ZS","","","","","","","","","","","","","","","","","","","","","","","","","","","","","","","18.7015548098644","","","","","","","","","","27.999945454707","","","","","","","","","","32.707241284338","","33.5533110053666","","","",
"Saudi Arabia","SAU","Access to non-solid fuel (% of population)","EG.NSF.ACCS.ZS","","","","","","","","","","","","","","","","","","","","","","","","","","","","","","","92.1954080462456","","","","","","","","","","98.9314220845699","","","","","","","","","","99.9900000002526","","99.9900000002526","","","",
"Sudan","SDN","Access to non-solid fuel (% of population)","EG.NSF.ACCS.ZS","","","","","","","","","","","","","","","","","","","","","","","","","","","","","","","1.9999980926514","","","","","","","","","","7.548201084137","","","","","","","","","","24.6047794818878","","27.9042661190033","","","",
"Senegal","SEN","Access to non-solid fuel (% of population)","EG.NSF.ACCS.ZS","","","","","","","","","","","","","","","","","","","","","","","","","","","","","","","32.2512567043304","","","","","","","","","","38.0858182907104","","","","","","","","","","39.1655445098877","","39.2688930034637","","","",
"Singapore","SGP","Access to non-solid fuel (% of population)","EG.NSF.ACCS.ZS","","","","","","","","","","","","","","","","","","","","","","","","","","","","","","","100","","","","","","","","","","100","","","","","","","","","","100","","100","","","",
"Solomon Islands","SLB","Access to non-solid fuel (% of population)","EG.NSF.ACCS.ZS","","","","","","","","","","","","","","","","","","","","","","","","","","","","","","","9.4501733779907","","","","","","","","","","11.7516994476318","","","","","","","","","","9.30190086364751","","8.7010025978088","","","",
"Sierra Leone","SLE","Access to non-solid fuel (% of population)","EG.NSF.ACCS.ZS","","","","","","","","","","","","","","","","","","","","","","","","","","","","","","","5.9057772159576","","","","","","","","","","5.6613624095917","","","","","","","","","","2.0046651363373","","1.9999980926514","","","",
"El Salvador","SLV","Access to non-solid fuel (% of population)","EG.NSF.ACCS.ZS","","","","","","","","","","","","","","","","","","","","","","","","","","","","","","","42.0466542243958","","","","","","","","","","61.6146504878998","","","","","","","","","","76.4288857579231","","79.2796805500984","","","",
"San Marino","SMR","Access to non-solid fuel (% of population)","EG.NSF.ACCS.ZS","","","","","","","","","","","","","","","","","","","","","","","","","","","","","","","100","","","","","","","","","","100","","","","","","","","","","100","","100","","","",
"Somalia","SOM","Access to non-solid fuel (% of population)","EG.NSF.ACCS.ZS","","","","","","","","","","","","","","","","","","","","","","","","","","","","","","","1.9999980926514","","","","","","","","","","1.9999980926514","","","","","","","","","","3.8853943347931","","4.58331704139709","","","",
"Serbia","SRB","Access to non-solid fuel (% of population)","EG.NSF.ACCS.ZS","","","","","","","","","","","","","","","","","","","","","","","","","","","","","","","49.1546094417572","","","","","","","","","","60.6516391038895","","","","","","","","","","67.3970907926559","","68.6347454786301","","","",
"Sub-Saharan Africa (excluding high income)","SSA","Access to non-solid fuel (% of population)","EG.NSF.ACCS.ZS","","","","","","","","","","","","","","","","","","","","","","","","","","","","","","","13.3864104433873","","","","","","","","","","16.9317715088554","","","","","","","","","","17.9658666267522","","18.1132440461443","","","",
"South Sudan","SSD","Access to non-solid fuel (% of population)","EG.NSF.ACCS.ZS","","","","","","","","","","","","","","","","","","","","","","","","","","","","","","","1.9999980926514","","","","","","","","","","1.9999980926514","","","","","","","","","","2.002614736557","","2.08283662796021","","","",
"Sub-Saharan Africa","SSF","Access to non-solid fuel (% of population)","EG.NSF.ACCS.ZS","","","","","","","","","","","","","","","","","","","","","","","","","","","","","","","13.3953208733527","","","","","","","","","","16.9407573673539","","","","","","","","","","17.974175253638","","18.1210579727155","","","",
"Small states","SST","Access to non-solid fuel (% of population)","EG.NSF.ACCS.ZS","","","","","","","","","","","","","","","","","","","","","","","","","","","","","","","52.3381838595869","","","","","","","","","","59.66157516304","","","","","","","","","","64.3133237505176","","64.836764466703","","","",
"Sao Tome and Principe","STP","Access to non-solid fuel (% of population)","EG.NSF.ACCS.ZS","","","","","","","","","","","","","","","","","","","","","","","","","","","","","","","8.111172914505","","","","","","","","","","20.1448380947113","","","","","","","","","","27.4186253547668","","28.7652254104614","","","",
"Suriname","SUR","Access to non-solid fuel (% of population)","EG.NSF.ACCS.ZS","","","","","","","","","","","","","","","","","","","","","","","","","","","","","","","70.2076256275177","","","","","","","","","","81.2042906880379","","","","","","","","","","87.4401792883873","","88.5744825005531","","","",
"Slovak Republic","SVK","Access to non-solid fuel (% of population)","EG.NSF.ACCS.ZS","","","","","","","","","","","","","","","","","","","","","","","","","","","","","","","82.633925974369","","","","","","","","","","93.5420282185078","","","","","","","","","","99.5476860087365","","99.9522686208365","","","",
"Slovenia","SVN","Access to non-solid fuel (% of population)","EG.NSF.ACCS.ZS","","","","","","","","","","","","","","","","","","","","","","","","","","","","","","","77.8249680995941","","","","","","","","","","88.6189259588718","","","","","","","","","","94.6880761533976","","95.7934744656086","","","",
"Sweden","SWE","Access to non-solid fuel (% of population)","EG.NSF.ACCS.ZS","","","","","","","","","","","","","","","","","","","","","","","","","","","","","","","100","","","","","","","","","","100","","","","","","","","","","100","","100","","","",
"Swaziland","SWZ","Access to non-solid fuel (% of population)","EG.NSF.ACCS.ZS","","","","","","","","","","","","","","","","","","","","","","","","","","","","","","","26.3503849506378","","","","","","","","","","34.4604849815369","","","","","","","","","","37.8165602684021","","38.374924659729","","","",
"Sint Maarten (Dutch part)","SXM","Access to non-solid fuel (% of population)","EG.NSF.ACCS.ZS","","","","","","","","","","","","","","","","","","","","","","","","","","","","","","","","","","","","","","","","","","","","","","","","","","","","","","","","",
"Seychelles","SYC","Access to non-solid fuel (% of population)","EG.NSF.ACCS.ZS","","","","","","","","","","","","","","","","","","","","","","","","","","","","","","","78.1290903687477","","","","","","","","","","90.889149159193","","","","","","","","","","98.8382450304925","","99.7766309650615","","","",
"Syrian Arab Republic","SYR","Access to non-solid fuel (% of population)","EG.NSF.ACCS.ZS","","","","","","","","","","","","","","","","","","","","","","","","","","","","","","","85.1477324962616","","","","","","","","","","95.9305487573147","","","","","","","","","","99.9900000002526","","99.9900000002526","","","",
"Turks and Caicos Islands","TCA","Access to non-solid fuel (% of population)","EG.NSF.ACCS.ZS","","","","","","","","","","","","","","","","","","","","","","","","","","","","","","","","","","","","","","","","","","","","","","","","","","","","","","","","",
"Chad","TCD","Access to non-solid fuel (% of population)","EG.NSF.ACCS.ZS","","","","","","","","","","","","","","","","","","","","","","","","","","","","","","","2.0094215869904","","","","","","","","","","5.0352036952972","","","","","","","","","","4.9247145652771","","4.790997505188","","","",
"East Asia & Pacific (IDA & IBRD countries)","TEA","Access to non-solid fuel (% of population)","EG.NSF.ACCS.ZS","","","","","","","","","","","","","","","","","","","","","","","","","","","","","","","31.9446381121191","","","","","","","","","","44.5436225314208","","","","","","","","","","52.7523914702444","","54.2677038734182","","","",
"Europe & Central Asia (IDA & IBRD countries)","TEC","Access to non-solid fuel (% of population)","EG.NSF.ACCS.ZS","","","","","","","","","","","","","","","","","","","","","","","","","","","","","","","76.9340780092434","","","","","","","","","","86.7801082941916","","","","","","","","","","92.2146222302814","","93.2042917656652","","","",
"Togo","TGO","Access to non-solid fuel (% of population)","EG.NSF.ACCS.ZS","","","","","","","","","","","","","","","","","","","","","","","","","","","","","","","1.9999980926514","","","","","","","","","","2.00098752975461","","","","","","","","","","4.19381856918331","","4.7517538070679","","","",
"Thailand","THA","Access to non-solid fuel (% of population)","EG.NSF.ACCS.ZS","","","","","","","","","","","","","","","","","","","","","","","","","","","","","","","35.1509273052216","","","","","","","","","","56.3005656003952","","","","","","","","","","72.6953774690628","","75.8617416024208","","","",
"Tajikistan","TJK","Access to non-solid fuel (% of population)","EG.NSF.ACCS.ZS","","","","","","","","","","","","","","","","","","","","","","","","","","","","","","","21.112596988678","","","","","","","","","","45.3356385231018","","","","","","","","","","64.8029148578644","","68.586254119873","","","",
"Turkmenistan","TKM","Access to non-solid fuel (% of population)","EG.NSF.ACCS.ZS","","","","","","","","","","","","","","","","","","","","","","","","","","","","","","","89.1784437000751","","","","","","","","","","97.8213155642152","","","","","","","","","","99.9900000002526","","99.9900000002526","","","",
"Latin America & the Caribbean (IDA & IBRD countries)","TLA","Access to non-solid fuel (% of population)","EG.NSF.ACCS.ZS","","","","","","","","","","","","","","","","","","","","","","","","","","","","","","","70.9952441469986","","","","","","","","","","80.2893062436422","","","","","","","","","","84.7670728171845","","85.5275096602199","","","",
"Middle East & North Africa (IDA & IBRD countries)","TMN","Access to non-solid fuel (% of population)","EG.NSF.ACCS.ZS","","","","","","","","","","","","","","","","","","","","","","","","","","","","","","","84.7445559829572","","","","","","","","","","93.4751273359754","","","","","","","","","","97.0112981998704","","97.2179619283205","","","",
"Timor-Leste","TLS","Access to non-solid fuel (% of population)","EG.NSF.ACCS.ZS","","","","","","","","","","","","","","","","","","","","","","","","","","","","","","","4.9038052558899","","","","","","","","","","8.4263980388641","","","","","","","","","","7.1443378925323","","6.7747533321381","","","",
"Tonga","TON","Access to non-solid fuel (% of population)","EG.NSF.ACCS.ZS","","","","","","","","","","","","","","","","","","","","","","","","","","","","","","","27.0294427871704","","","","","","","","","","42.5360560417175","","","","","","","","","","53.3075988292694","","55.3520172834396","","","",
"South Asia (IDA & IBRD)","TSA","Access to non-solid fuel (% of population)","EG.NSF.ACCS.ZS","","","","","","","","","","","","","","","","","","","","","","","","","","","","","","","18.7015548098644","","","","","","","","","","27.999945454707","","","","","","","","","","32.707241284338","","33.5533110053666","","","",
"Sub-Saharan Africa (IDA & IBRD countries)","TSS","Access to non-solid fuel (% of population)","EG.NSF.ACCS.ZS","","","","","","","","","","","","","","","","","","","","","","","","","","","","","","","13.3953208733527","","","","","","","","","","16.9407573673539","","","","","","","","","","17.974175253638","","18.1210579727155","","","",
"Trinidad and Tobago","TTO","Access to non-solid fuel (% of population)","EG.NSF.ACCS.ZS","","","","","","","","","","","","","","","","","","","","","","","","","","","","","","","87.5389762222767","","","","","","","","","","97.0447618514299","","","","","","","","","","99.9900000002526","","99.9900000002526","","","",
"Tunisia","TUN","Access to non-solid fuel (% of population)","EG.NSF.ACCS.ZS","","","","","","","","","","","","","","","","","","","","","","","","","","","","","","","83.9378699660301","","","","","","","","","","94.2423164844513","","","","","","","","","","99.6231353608891","","99.9605471879477","","","",
"Turkey","TUR","Access to non-solid fuel (% of population)","EG.NSF.ACCS.ZS","","","","","","","","","","","","","","","","","","","","","","","","","","","","","","","79.6864047646523","","","","","","","","","","89.676771312952","","","","","","","","","","94.9095752090216","","95.8512648940086","","","",
"Tuvalu","TUV","Access to non-solid fuel (% of population)","EG.NSF.ACCS.ZS","","","","","","","","","","","","","","","","","","","","","","","","","","","","","","","38.4746313095093","","","","","","","","","","60.9976172447205","","","","","","","","","","78.7616953253746","","82.2053536772728","","","",
"Tanzania","TZA","Access to non-solid fuel (% of population)","EG.NSF.ACCS.ZS","","","","","","","","","","","","","","","","","","","","","","","","","","","","","","","2.0051240921021","","","","","","","","","","4.6201407909393","","","","","","","","","","4.398512840271","","4.2356550693512","","","",
"Uganda","UGA","Access to non-solid fuel (% of population)","EG.NSF.ACCS.ZS","","","","","","","","","","","","","","","","","","","","","","","","","","","","","","","1.9999980926514","","","","","","","","","","2.8219521045685","","","","","","","","","","2.7012765407562","","2.5584816932678","","","",
"Ukraine","UKR","Access to non-solid fuel (% of population)","EG.NSF.ACCS.ZS","","","","","","","","","","","","","","","","","","","","","","","","","","","","","","","81.1913549900055","","","","","","","","","","90.5760578811169","","","","","","","","","","95.2071599662304","","96.021580696106","","","",
"Upper middle income","UMC","Access to non-solid fuel (% of population)","EG.NSF.ACCS.ZS","","","","","","","","","","","","","","","","","","","","","","","","","","","","","","","51.4462250889501","","","","","","","","","","62.834211643373","","","","","","","","","","69.6668954309541","","70.9158974647255","","","",
"Uruguay","URY","Access to non-solid fuel (% of population)","EG.NSF.ACCS.ZS","","","","","","","","","","","","","","","","","","","","","","","","","","","","","","","90.1220224797726","","","","","","","","","","96.7317320406437","","","","","","","","","","98.5864310525358","","98.8451861776412","","","",
"United States","USA","Access to non-solid fuel (% of population)","EG.NSF.ACCS.ZS","","","","","","","","","","","","","","","","","","","","","","","","","","","","","","","100","","","","","","","","","","100","","","","","","","","","","100","","100","","","",
"Uzbekistan","UZB","Access to non-solid fuel (% of population)","EG.NSF.ACCS.ZS","","","","","","","","","","","","","","","","","","","","","","","","","","","","","","","69.7891235351562","","","","","","","","","","80.6157812476158","","","","","","","","","","86.6771623492241","","87.7805925905704","","","",
"St. Vincent and the Grenadines","VCT","Access to non-solid fuel (% of population)","EG.NSF.ACCS.ZS","","","","","","","","","","","","","","","","","","","","","","","","","","","","","","","47.8756904602051","","","","","","","","","","78.4392178058624","","","","","","","","","","99.8613219591789","","99.9900000002526","","","",
"Venezuela, RB","VEN","Access to non-solid fuel (% of population)","EG.NSF.ACCS.ZS","","","","","","","","","","","","","","","","","","","","","","","","","","","","","","","93.4522517025471","","","","","","","","","","96.1152579635382","","","","","","","","","","94.0314646810293","","93.5018830001354","","","",
"British Virgin Islands","VGB","Access to non-solid fuel (% of population)","EG.NSF.ACCS.ZS","","","","","","","","","","","","","","","","","","","","","","","","","","","","","","","","","","","","","","","","","","","","","","","","","","","","","","","","",
"Virgin Islands (U.S.)","VIR","Access to non-solid fuel (% of population)","EG.NSF.ACCS.ZS","","","","","","","","","","","","","","","","","","","","","","","","","","","","","","","","","","","","","","","","","","","","","","","","","","","","","","","","",
"Vietnam","VNM","Access to non-solid fuel (% of population)","EG.NSF.ACCS.ZS","","","","","","","","","","","","","","","","","","","","","","","","","","","","","","","2.227258682251","","","","","","","","","","24.5765924453735","","","","","","","","","","46.7382788658142","","51.0586023330688","","","",
"Vanuatu","VUT","Access to non-solid fuel (% of population)","EG.NSF.ACCS.ZS","","","","","","","","","","","","","","","","","","","","","","","","","","","","","","","16.1168158054352","","","","","","","","","","18.2387173175812","","","","","","","","","","15.6045973300934","","14.9639487266541","","","",
"West Bank and Gaza","PSE","Access to non-solid fuel (% of population)","EG.NSF.ACCS.ZS","","","","","","","","","","","","","","","","","","","","","","","","","","","","","","","","","","","","","","","","","","","","","","","","","","","","","","","","",
"World","WLD","Access to non-solid fuel (% of population)","EG.NSF.ACCS.ZS","","","","","","","","","","","","","","","","","","","","","","","","","","","","","","","47.8752446855058","","","","","","","","","","54.7636425551001","","","","","","","","","","58.0499996346741","","58.5758103022571","","","",
"Samoa","WSM","Access to non-solid fuel (% of population)","EG.NSF.ACCS.ZS","","","","","","","","","","","","","","","","","","","","","","","","","","","","","","","36.0937893390656","","","","","","","","","","39.7834300994873","","","","","","","","","","38.7178063392639","","38.3919954299927","","","",
"Yemen, Rep.","YEM","Access to non-solid fuel (% of population)","EG.NSF.ACCS.ZS","","","","","","","","","","","","","","","","","","","","","","","","","","","","","","","51.5220403671265","","","","","","","","","","61.6432577371597","","","","","","","","","","67.0023620128632","","67.9592669010162","","","",
"South Africa","ZAF","Access to non-solid fuel (% of population)","EG.NSF.ACCS.ZS","","","","","","","","","","","","","","","","","","","","","","","","","","","","","","","59.9769651889801","","","","","","","","","","74.7668832540512","","","","","","","","","","84.8019704222679","","86.6963908076286","","","",
"Congo, Dem. Rep.","COD","Access to non-solid fuel (% of population)","EG.NSF.ACCS.ZS","","","","","","","","","","","","","","","","","","","","","","","","","","","","","","","1.9999980926514","","","","","","","","","","2.5387048721313","","","","","","","","","","4.68679666519169","","5.0047338008881","","","",
"Zambia","ZMB","Access to non-solid fuel (% of population)","EG.NSF.ACCS.ZS","","","","","","","","","","","","","","","","","","","","","","","","","","","","","","","4.4249713420868","","","","","","","","","","12.9378318786621","","","","","","","","","","16.6855752468109","","17.3228323459625","","","",
"Zimbabwe","ZWE","Access to non-solid fuel (% of population)","EG.NSF.ACCS.ZS","","","","","","","","","","","","","","","","","","","","","","","","","","","","","","","32.7776551246643","","","","","","","","","","33.9997947216034","","","","","","","","","","30.4671108722687","","29.6479761600494","","","",
